,dim_1,dim_2,dim_3,dim_4,dim_5,dim_6,dim_7,dim_8,dim_9,label:cluster
There,3.56365143724127,-2.0734000598497624,-1.6198605900202898,-0.14376740383342634,-2.4854460625022785,-1.006297590081116,-3.6068850016078593,-1.6569097646708442,-1.4351187048684615,4
were,3.0914420761104258,-1.958015080620244,-2.0611864797111643,1.0601210819504878,-2.421050814004005,-0.5451589911057511,-2.5416505018427222,-2.127647654171174,-0.7181974980585668,3
once,3.289039017936846,-1.4619525008248608,-1.6566385945397333,0.11159778851742302,-2.247780361752952,-1.594633756897961,-2.9916830355064667,-1.2217044701082365,-0.5546190697699069,1
a,2.887581462689212,-2.071979678993014,-1.3020498293035119,0.543122471492502,-2.120513215470194,-1.2916062091648675,-3.0632017744169233,-0.7273641103968851,-1.1937563198498398,9
man,3.346439843249384,-2.115468868523807,-1.0611856822071917,-0.04429222140537997,-2.1976114993752973,-0.3037086939230048,-2.9408499339477467,-1.4055690455477396,-0.6751959184865405,4
and,3.403231305287621,-1.5626023394069997,-2.1302415507633756,0.8656089158167102,-2.479049001402451,-1.3928759095356513,-2.8212533006298592,-1.82635312743661,-0.6647090861576965,1
woman,3.372613718556919,-1.524483873015046,-1.0724048777238955,0.5570443730500425,-2.6450597656853625,-1.513831979830295,-3.143038886914346,-1.0808721116700755,-1.2659510142898476,1
who,3.563667929481455,-1.371003465012501,-1.0724844565726606,0.45792942433497563,-3.0682344958199916,-1.1025836901280344,-2.8736309943185128,-1.6035474342851286,-0.9457880485851292,1
had,2.154000185635003,-2.1408602393141125,-1.4529837874821605,0.5872447236149689,-2.2116002396247563,-1.2166655322762285,-3.1367179415252138,-1.8085485921531832,-0.9907640887653956,7
long,3.348142686898663,-1.5993615418921796,-0.6788401706568837,0.37472252109567417,-2.3722138372306674,-0.42149699300463556,-2.6486083136279985,-1.3505750763156614,-1.3671441233834498,8
in,2.97702539274019,-1.8204285295972988,-1.0904767065549488,-0.2500158274388725,-2.1916027894449885,-0.2841705157764912,-2.572738911610316,-1.1032791030608051,-1.1750662989993963,8
vain,2.455700358670681,-2.7547453829650097,-1.4676743525608351,0.5704221407143788,-2.610554385475288,-1.0729607117487876,-3.385404195163061,-1.366781090182281,-1.3208806961634036,7
wished,3.1934050160476213,-2.1760342965983805,-1.4601625203802229,-0.30980042594064905,-1.9993569371376723,-0.41142125162504056,-2.673914855959598,-1.1335425318149197,-1.3346488565037573,4
for,2.4464160231574748,-2.0503429971268448,-1.4737958092240973,0.4679672755103939,-2.228905452874772,-0.6188818351224541,-2.746466334734285,-1.1956308959495232,-1.7637464410128711,2
child,3.248024073181786,-1.932745068423864,-1.294952633814184,0.1524520750095595,-2.073182322428495,-0.26063367407048227,-3.409989334270221,-2.021311483524489,-1.020534524048329,4
At,3.0216125012837636,-1.5099651381216679,-0.5485247955568642,0.27267322022328416,-2.1234106834936135,-1.3485203660693799,-2.622033130265792,-1.9217211038722903,-1.2691457215706448,6
length,2.469268759974835,-1.951715403692884,-1.179656251717294,0.3929537347434951,-2.8237617511903697,-0.8944244023466728,-3.391052766727889,-1.8686414850057804,-0.8207580059910563,9
the,3.4726690094888446,-2.029014016211579,-1.5431427840002347,0.10241523465839127,-2.3336835447728546,-1.07321952551765,-3.7831453662184837,-1.555456018935548,-1.430784107377734,7
hoped,3.0237810727260928,-2.202340378601475,-1.3450097084923718,-0.292004873563346,-2.6199365796477436,-0.7637051808194281,-2.8590563135317306,-2.1095167006477573,-0.9859646996109453,4
that,3.458195656467585,-2.366939016794425,-1.6791144685749446,0.6710226837733768,-2.3129105075192946,-0.4936595691114533,-3.4549586302287594,-1.3630525182597844,-0.6965528986058657,7
God,3.1768892293633115,-1.5110942466452837,-1.8865855342724156,0.03231466375610567,-2.0422033870359155,-0.40329496472267345,-2.6114998852655757,-1.2631655161289075,-1.4741420704811328,8
was,3.4025475763341624,-1.629868424188242,-1.4581061173671503,-0.3721877091153873,-2.3967669492818224,-0.9326866769081368,-3.2733934055874037,-1.8795713567663814,-1.396034233760834,4
about,2.582151757407262,-2.700800959240234,-1.4462609712313466,0.5517821786396346,-2.3597434776986974,-1.2213870592621556,-3.208390962048663,-1.2407227194447807,-1.4327819436719966,7
to,3.282747585118353,-1.7076084039172295,-1.1235719688147334,0.3766637312129653,-2.3164186615297773,-0.14967292981651886,-2.362153815281289,-1.7394737323225526,-1.523573897364215,2
grant,3.7847456320940345,-2.2202829738797,-1.6854729110114635,0.1775083498056811,-2.2704166144440614,-0.3637161841173018,-2.793908776503548,-1.8083486713946015,-0.8838784058014025,4
her,2.655511985728622,-2.565446969244287,-1.6441205326930417,0.7464734747538406,-2.575686028148437,-1.456933288321526,-3.099788739453961,-1.3528380940198854,-1.087149184946892,7
desire,3.570606361256635,-1.6503623289844918,-1.8099054146310476,0.8482408375370617,-2.894505244715173,-0.7869366526074267,-2.9103338511583234,-1.9001452211293781,-0.9490863185731874,3
These,3.1554463377405666,-2.0651188899519526,-1.2156374087024435,0.09603434194645713,-2.7331554525698185,-0.3801922402171894,-2.205721150396405,-1.6829282391718696,-0.8091565907397946,2
people,3.5020224330647034,-2.0895637712200563,-1.6957173103366925,-0.17171608677064903,-2.2844574723838216,-1.2712010255258461,-2.858902207659613,-1.9936345643244406,-1.3441979909413633,4
little,3.058893757468025,-1.729456685637223,-1.9719407299283653,0.3797677374736963,-2.342547648919608,-1.2841013120592908,-3.2516780409062793,-1.217048222839344,-0.29581949604999475,1
window,2.4665607708557973,-2.07100026798914,-0.9265108598154785,0.609797802627001,-1.8313490463977697,-1.3295084390752065,-2.3656071675126658,-1.8763607955390345,-1.2195134106239254,6
at,3.5601239735770185,-2.4555005998183526,-1.546518379600588,0.0795658707471815,-2.0001738787928707,-0.4491621810280322,-3.2467378989457294,-1.380582283051555,-0.7967340571019612,4
back,2.966237768788246,-1.1186763267080477,-1.0221397438286157,0.6774681818338358,-2.0575311992531113,-1.4441667009990224,-2.235088120589508,-1.4840407637103794,-0.8207617169207653,6
of,2.5394219560186855,-1.9051637437081064,-1.8059890630091244,0.6446646386203008,-2.552278633348581,-1.136640537525992,-3.3757728707765264,-1.1962250112360533,-0.5711442448068413,9
their,3.506737648371347,-1.1752698312432377,-1.133146879208695,0.5150594941070612,-2.5408279875088056,-1.557898489695912,-3.0390138572485146,-1.6528674550245512,-1.2472894537807504,1
house,2.4518324856491525,-2.0001366766819477,-1.43252832497339,-0.0020893502609652987,-1.8360382242259126,-1.1993338680830412,-2.466611328684858,-2.2134028116966986,-0.8234107465789738,6
from,3.004882771679799,-1.834211651546753,-1.237843817849739,0.4238106958985835,-2.802210878560921,-0.4808155515986399,-3.5690233952096073,-1.2960034715094553,-0.5976297253683016,9
which,3.4173780368124747,-1.4415210293741683,-1.719281072337607,0.33415523090774735,-3.092345770649057,-1.1457853301474858,-2.9372283448095513,-1.7532300701996784,-1.0744807774202179,1
splendid,2.3109765368993953,-1.58934425083165,-1.0675520839903359,0.6296327905821859,-2.119590488814832,-1.7030893362000177,-2.6268371673829556,-1.7541904735606593,-1.4279943297865556,6
garden,2.867686707479916,-1.297693042712026,-1.4591982129313565,0.9609302343211473,-2.127079475289282,-0.4254749936636992,-3.1067700717855575,-1.6371721770317353,-1.1241689885938162,3
could,2.9701486680162428,-2.230587477761113,-2.17996923517479,0.8707505049651592,-2.357412971812726,-0.7514631347557613,-3.4166909957976923,-2.160152183272433,-1.2346136498789961,7
be,3.658462677148805,-1.4912965177439055,-1.2502280336097862,0.20326388751466148,-2.4885328340933306,-0.8154066094802709,-2.2919229667311662,-1.2181485652030166,-1.4222910055685256,8
seen,3.1509168218419403,-2.1814783498361505,-1.7883710286616346,0.09303336665554544,-2.101169852752124,-0.13091380431418623,-2.9529916431188012,-2.111324870423299,-0.8505619588340341,4
full,3.5243777297693284,-2.1052844968924385,-1.6208690931096974,-0.17896186997779673,-2.4687790653324124,-0.970126333713357,-3.6028945850115757,-1.5982437862075338,-1.3850404812123907,4
most,2.670184503075599,-2.442003044340579,-1.5910686147023656,0.8153975317316065,-2.3418764711121747,-1.2952798373864713,-2.701146286786896,-1.8459846169544332,-1.4188607772961588,7
beautiful,2.9920116332095463,-1.549061621160898,-1.095973327073915,0.428411987521021,-2.660239816137918,-1.1372300894496263,-3.793721008280396,-1.0597871257269034,-1.1937292582156611,9
flowers,2.7416345787461185,-2.38175528670266,-0.8016984986815204,-0.03490279712897021,-2.612570964096858,-0.8013722376918313,-3.1104540496215307,-1.6077538019414164,-0.9485360316154183,9
herbs,2.843598913014592,-2.227761469677654,-1.9820665010662828,0.7678352831688995,-2.3526684383437817,-0.7126382525224166,-3.5174520756090533,-1.7325329983929965,-1.5893473859906164,7
It,2.850299521745456,-2.273422452056413,-1.841269682444903,0.697405076572895,-2.539344834710052,-0.6686885174136202,-3.4411967876594396,-1.649548583887304,-1.5973578044903713,7
however,2.7114834948271938,-1.6222092876126828,-1.1658799778538003,0.08316532538243403,-2.727085312719865,-0.4029119395757956,-3.118923725869939,-1.321263284347967,-1.6293633497642466,9
surrounded,3.1276147580988383,-1.414050634373773,-1.0080305152699431,0.8644063410984872,-2.1565041986431375,-0.37273485215768276,-2.555850472028407,-1.25754750290345,-1.3033972876528275,8
by,2.3393281883426877,-1.5492749290768533,-1.3728093437131887,0.34108228029786297,-1.7423161816765336,-1.2964688178325343,-2.330227188913796,-1.8715470776895304,-0.7794114070086994,6
high,2.9776600798647146,-1.8667411541031809,-0.5430644193982312,0.8284983259392609,-2.0626431413557205,-1.0748069809507275,-2.659819463829649,-1.4382669596923519,-1.0757684291377771,8
wall,3.3352728537696343,-1.220937125497197,-1.5038941779443022,0.6856385345979735,-1.5528576065284188,-1.2014204173473961,-2.2928088573976964,-2.0434804968701723,-1.2417070673287642,6
no,2.934671472659701,-1.7678565363507097,-1.8212842608723216,0.07864685167559872,-1.9984234957182982,-0.4599458536024489,-3.0237260352835533,-2.3088946534491983,-0.6548102716806036,3
one,2.977690732224492,-2.4894561115283413,-1.457445178773463,0.6506365518994878,-2.172559409664148,-0.10567169030856328,-2.4095545771693345,-1.4845518414152163,-0.9920653896203567,2
dared,2.9119669551272933,-1.6418243275430942,-0.7762646823223911,-0.028107882776604032,-2.5887298374500856,-0.26032020402859607,-2.557355370133562,-1.499609546567391,-1.4228538579476666,8
go,3.2885578915214455,-1.2645019488741958,-0.9252449170053186,0.31229330583541953,-2.6036613634689183,-1.721043328027422,-2.93606831552661,-1.718646330956701,-1.2448977739229097,1
into,3.0768324085978414,-1.4828558979855329,-1.3617516275399593,0.7982340129655231,-1.7512816353823153,-0.43839139734668814,-2.4429865984322476,-1.0554759721701832,-1.2931249419143909,8
it,2.8737410841293287,-1.597037378048162,-1.6064501303567031,0.6093557133617193,-1.9608381766070229,-0.42555588529356386,-2.820412987667989,-0.9673664038787483,-1.617775805377554,8
because,2.975276416930762,-1.4593125333232215,-1.4450370879981755,0.5445270005515341,-1.6058889732905495,-0.47270675708662185,-2.482109432872604,-1.1493068151199834,-0.6448544833765506,8
belonged,2.3919044212088236,-2.7605818379561513,-1.5283156315219084,0.5185211478336027,-2.51670942677326,-1.1593424919040876,-3.305758176186701,-1.422513968840984,-1.3458325026845206,7
an,2.961313338020872,-2.2209071446273847,-1.356217622512879,-0.09977764086938015,-2.2512873901523025,-1.093114496975677,-2.6270744755861974,-2.2123606552451935,-1.3619535024339675,2
enchantress,2.67614426298036,-2.0240334328979146,-1.2717309390544536,0.4029359645428089,-2.4665653401064707,-0.10365054583142978,-2.50966499890801,-1.7491735652937819,-1.5721299159285336,2
great,2.8563796245050983,-1.9352672338809551,-0.6618464030811637,0.7511447754925643,-1.8766078177069905,-1.1552053697235058,-2.3690654828112714,-1.7262682777742393,-1.219485560561316,6
power,2.6919019701042015,-1.361956810508504,-1.0352408559398931,0.4464478972595465,-1.7932737914254313,-1.48665053415046,-2.1869070960370167,-1.678847346766186,-0.8369499901814398,6
dreaded,3.074328914012552,-1.9565953625237062,-1.9731849527002459,1.1908928341828133,-2.5144258132254964,-0.5549055616363558,-2.3724627576058195,-1.9962617755720427,-0.7779414061545761,3
all,3.6013741846690053,-1.6582424307284553,-1.9616181957081291,0.8218501626996401,-1.8678198842161773,-1.2187639008463795,-3.110886797440131,-1.4821456412938872,-0.8957449258932774,1
world,3.1699589121879095,-2.0698397145210534,-1.7458510006126446,1.2452777707736697,-2.470272225281525,-1.1305683630171868,-2.7330888757381753,-1.5582505845569024,-1.0620370236352443,7
One,3.5201695591200584,-1.3595866970152326,-1.1512293250938284,0.14179774414871796,-2.37876889574089,-0.9407215482506908,-2.061185290332508,-1.4197394551754277,-0.9552126352061328,8
day,3.380684201133471,-1.4298410467096965,-1.1371464320441131,0.542451777765102,-2.2248624612191175,-1.1251212942467226,-2.2492048428306055,-0.948276265755133,-1.1658116379053332,8
standing,3.3925227196390635,-2.4892755795625843,-1.2610886882810128,0.1625193592228685,-2.128700496249473,-0.176723507894829,-2.6285407630390867,-1.6430867791645245,-0.853214755649476,4
this,3.1327774093982144,-1.9292203038855693,-2.215430857264276,0.6382613445029721,-2.2332995683705734,-0.37056788021537707,-2.8600730635833997,-2.0264650031580884,-0.35106469785932215,3
looking,3.3360232353254156,-1.7664257850976353,-1.2399558970392235,0.5164982569180121,-2.247716143042339,-1.3478261256527764,-3.757060405154885,-1.3517913887395674,-1.4156567846570662,9
down,2.3720820550996318,-2.1950907630270056,-1.0789101648956385,0.4938832059411858,-2.5873361235487704,-0.5970326301352377,-3.477344683694901,-1.2212699658509008,-1.1672211825285053,9
when,3.6324743775741632,-1.7055215728016329,-1.9855643084175167,-0.026957914401878575,-2.0906550354865985,-1.0681910671336812,-2.9979852167721748,-1.2558394589080801,-0.5228411759362683,1
she,3.5123137972953047,-1.3151343480663353,-1.8779407654057148,0.22003261325812043,-1.7239521472457633,-0.6286668271009264,-3.086965121830799,-1.779763185776842,-1.1141515407328428,3
saw,2.399783631859189,-2.6829848776946323,-1.4240564613222002,0.6741652422953497,-2.57353177348979,-0.8950507786930795,-3.474531839251419,-1.286247946584552,-1.0359667123487477,7
bed,3.0661736263291814,-1.920055762422287,-1.5929161033387942,0.47793409404464915,-2.237313369680775,-1.4373501814053713,-2.1236827265214804,-1.1767743595284224,-1.5457596420963033,5
planted,2.3357572766920756,-1.706211775026124,-1.0750831371736962,0.5118595105438329,-1.8929820901835603,-1.6310194120480517,-2.48725570197111,-1.7092471052611489,-1.0558270083817485,6
with,3.3450830485170555,-1.3618487357563291,-1.8306000890767835,0.11679337534986545,-2.309654661951705,-1.554836070992373,-2.951149300533297,-1.1759907404358942,-0.4869486437969151,1
rampion,3.6922146110228042,-1.7960205766843442,-1.6118268833664346,-0.28382089407588507,-2.6241036605573664,-0.7734898880720619,-3.1051103196247953,-1.809072856494271,-1.3825181440939627,4
(rapunzel),2.4726585626566577,-1.7862762406824473,-1.1367643063172155,0.611439376785242,-1.954244079984325,-1.5403392111363938,-2.8804884649543827,-2.0784100257386973,-1.173261921825918,6
looked,2.364632715098045,-2.102069791147973,-2.023440153573466,0.7812756717479928,-2.0711439090870365,-0.5667524823936368,-3.3097655936370862,-1.6456736261413347,-1.1171002894770028,7
so,2.885442010477393,-1.5082281781690152,-1.0363778876677403,0.5946305681169561,-2.0119521942867187,-0.7755445602904769,-2.4251418915687664,-0.8067520840892016,-1.0335205593988566,8
fresh,3.060059258893768,-1.851859481068054,-1.2907357698907982,0.5147325140856266,-2.1227009031643136,-1.7389584740711534,-2.9390123544453166,-1.4411057222511798,-1.555641275726263,6
green,3.9051076576051478,-1.9454697362801536,-1.7424002035886015,0.10110930286424488,-2.31072061489628,-0.31116059285946523,-2.8019701220781466,-1.5342063116725524,-1.1824317185928324,4
longed,3.628790049941406,-1.8807511028165442,-1.2691118450116199,0.05435221739834421,-1.7228872530009083,-0.3874164480931968,-2.9682254138971107,-1.8417964869839454,-0.798275154701045,4
greatest,2.5892200149047673,-1.802926608989224,-1.2165883864134335,0.6043445512299738,-2.370248416309857,-0.5989198126995119,-3.6447219152410932,-1.0573244226150684,-1.325566876210441,9
eat,3.5114913281785824,-1.4574675961788484,-1.9484279826936899,0.3790831539115194,-2.392312139609929,-1.5618040387111611,-2.9879543832250564,-1.2019802666210386,-0.5967718398625672,1
some,3.2000020876390014,-2.3803275803210338,-1.064075198071208,-0.040781767844284056,-2.629677044527359,-0.34597841987856487,-2.725198085012242,-1.5664840633488237,-0.7375887626254939,4
This,2.4242006056694234,-1.6772140599384335,-1.040998010189514,0.21393519784582393,-1.8427837715356106,-1.4369879947133009,-2.3664535461807015,-1.7580488610348268,-0.7745033365244807,6
increased,2.803103246785432,-2.0083966747166584,-2.0627241691080815,0.9604490258260857,-2.159266918354422,-0.42284926741046946,-3.53582664069536,-1.943536516496987,-0.8710053084159273,3
every,2.4697742247443215,-1.6635071257672052,-1.2403482593369033,0.26542264750997335,-1.734632714299619,-1.4665683188906813,-2.287413456334546,-1.9340643290898667,-0.8039855664064317,6
as,2.98941588826979,-1.5834334051628045,-0.9918612771742095,0.5672061168572802,-2.0305241367232862,-1.6455780825740811,-3.0783855602878925,-1.258261576452039,-1.4076068121402714,6
knew,3.1565743843949736,-2.123645306736206,-1.2544182904969456,0.7223195765262534,-2.210730256886355,-1.1892151617432425,-3.6764100500977914,-1.5985490023440287,-1.4176056684073584,7
not,2.8978854401752283,-1.0688644112441217,-1.7043786503228264,0.16195570590023006,-2.4800865883892373,-0.9157078972301287,-3.335614353097885,-1.4423277903010523,-0.5998941897967499,9
get,3.1754967002249526,-1.1793106981733648,-1.3878233204206316,0.7476952214812669,-1.6629170146559908,-1.2203261203805396,-2.2029052564730067,-2.0769696629576804,-1.225338323046925,6
any,2.516031852262858,-1.8400113041317123,-1.8548529322241265,0.6766243925391592,-1.9317313354280838,-0.6316138650135903,-3.037517380147922,-1.9941830837928076,-0.49481395487506186,3
quite,3.006028832991897,-2.20781384222637,-2.0432588633123876,0.02859642880138162,-1.8675400721536206,-0.9894460390894079,-2.604993175525937,-1.8540048420050084,-0.4168116675636237,4
pined,3.3567891456037153,-1.65458764354102,-1.7759748241612623,0.27871265700057823,-2.2299186531498556,-0.6159015270802832,-2.1687225180223444,-1.2978895168291087,-0.41543023511040694,3
away,3.065799408494943,-1.323785778149344,-0.6395043595100818,0.032274861284516815,-2.2881369724166185,-1.1116832914543275,-2.45534430257148,-1.961050391560242,-1.2083631360256446,6
pale,2.964019030076013,-1.7765325945738288,-1.6793096508083611,0.7741622797101886,-2.3551314309283664,-0.5168216210989629,-2.005274939119522,-1.6889684544877923,-0.5796969689560764,3
miserable,3.3940495298837043,-1.9015876309986697,-1.5035696236685732,0.6712786779701192,-1.8134948648669722,-1.2210237060953988,-3.2017462340373433,-0.9350277145696546,-1.1606940266588148,1
Then,2.9506049326308164,-2.171221971405259,-1.9087782413277756,-0.25140202287631774,-2.676018204007959,-0.8168748066207601,-2.990331337824801,-1.3786826641166525,-1.4278012811411689,4
husband,3.0061356409847315,-2.353440855582981,-0.9225912535573411,-0.13754296871665317,-2.5609644588701124,-0.9920828228284062,-3.253042419128179,-1.620458215592319,-1.1158394336156778,4
alarmed,3.211934098653035,-1.427639700747006,-1.2426806520337044,0.7018825857446435,-1.9113034129965838,-0.2920595036008609,-2.5545606876898357,-1.020070274424551,-1.3428035990759701,8
asked,2.3338580296086833,-1.6319112894781282,-1.6117209291097443,0.48320249687262057,-2.4119024752514564,-0.4369407060622153,-3.503206314674438,-1.3093130223272507,-0.968336746102302,9
What,2.3331679868071973,-1.9500663024936071,-1.8141301979371949,0.5761231536572476,-2.776620128963344,-0.6106887090075644,-2.5011939874349354,-1.7282904730188111,-1.5294446548979201,2
aileth,2.862996586449322,-1.1870547121112698,-0.8534005309536212,0.5541809999726263,-1.9677878325041067,-1.4064561493857584,-2.526356991878065,-1.2072574691094542,-0.8224970164362418,6
thee,3.5943878319693394,-1.379408143230334,-1.181086276077207,0.4254611636664682,-2.228730682690069,-1.6125992645953864,-3.1562182192185735,-1.7509148042365679,-1.0664998575841815,1
dear,2.4798646304594794,-1.9179092139456981,-0.9820561257367794,0.2183924357805259,-2.8793443495116415,-0.5094511039547382,-3.2385622796982108,-1.3911874341334411,-1.3573910931462718,9
wife,3.2778313264777768,-1.3195489205973077,-0.8461757029118147,0.26836877085698035,-2.2908593397906314,-1.6297818516160452,-2.8594791304090696,-1.905474093434625,-1.0215077958009,6
Ah,3.215062154301811,-1.4861408575496398,-1.378834258515166,0.1831540808785944,-2.1857571877021824,-1.098959913470358,-2.5914144164811974,-1.6483224139135204,-1.9444377299992797,5
replied,3.259540430524664,-1.3559334098199327,-1.0363850880593792,0.5349425470046089,-1.903684137638428,-1.011508795829919,-2.2359206091257957,-1.930093853596938,-1.5363964031566557,6
if,3.4442728454963882,-2.283402343877615,-1.5507285270631141,0.5303862372929908,-2.4909893243637375,-0.5471939908558389,-3.6519685301069478,-1.3256215757662526,-0.7577660876396989,7
I,2.9994563782935506,-2.270556466187547,-1.5811404072308264,0.9571558935437423,-2.284466682807752,-0.3196486520610783,-2.1729700369398532,-1.7230759338888098,-0.8967556824993079,2
can't,3.5466924401235733,-1.3314890208306036,-1.1111381239381748,0.2562282852816802,-2.7054560728955006,-0.8195687854140467,-2.264179600174369,-1.4553092333982969,-1.2613362699442483,8
is,3.3836052767341713,-2.035846781777273,-1.955517716142383,-0.1653827598065425,-1.9198099273751505,-1.3451131647425765,-2.9221844319848875,-1.8505827465718139,-0.7632708240043847,4
behind,2.736592485745787,-1.1696828729105961,-0.98167288052346,0.1989034810791315,-1.8632655905321662,-1.2912338584935392,-2.608690540559314,-2.1604565664614324,-1.3881208215681622,6
our,3.150768407959801,-1.8917648137349694,-1.7170223014541206,0.21832209999328353,-2.5592760233636294,-0.06234793906703792,-2.6365109139310317,-1.927584965375646,-1.465192226016911,2
shall,2.8391555982026513,-1.15224135587699,-1.1392642125130041,-0.13577562900526607,-2.5892667628560933,-0.9761085320772982,-3.4866666497501138,-1.1715869639124532,-1.0604315626804677,9
die,2.6635802888933706,-1.7564587033910661,-1.1427495063102033,0.36627032410434407,-2.6957500742713387,-0.7361125088372209,-3.539010297020145,-0.9272825432666315,-1.1367109166547316,9
The,2.895167511615849,-1.8398725436479357,-1.7996001921347433,0.6171571021461916,-2.4346234200087005,-0.5265053267407701,-3.4959992025163213,-1.1419820254894948,-0.49897506269641567,9
loved,3.775394910174184,-2.0760478332274963,-1.8208629500810625,0.09865798194119606,-2.382406294747744,-0.6250850059366186,-3.291479894545765,-1.8083891306904183,-1.3158554051384157,4
thought,3.0011508094375574,-1.944922460817713,-1.491826285742611,-0.269386767074358,-2.574240500531883,-0.9624156042117911,-2.668552076500091,-2.2438078261538434,-0.9118563362495798,4
Sooner,3.1027202365325937,-2.0201659041634907,-2.249911611679279,0.0468855813335769,-2.187793208746179,-0.6065447322811852,-2.308550637046688,-1.6117305927624346,-1.218683903312121,4
than,2.459278152806834,-2.4114985341594877,-1.1622453536747264,0.5574310846909756,-2.591576072680976,-0.7869455209325412,-3.452314640514785,-1.0818405643053666,-0.87878691685353,9
let,3.3380511496762275,-2.158747422139719,-1.8799837112615967,0.8217239293123813,-2.092406832349975,-0.9114332184367265,-3.5273794458614915,-1.7477335720733553,-1.483491735482771,7
thy,2.950441426198252,-2.134735110482416,-1.4661892832917696,-0.3129828854818928,-2.2911497132198564,-0.9422014097816312,-2.820558876318133,-2.3030558322348456,-0.8895976261823928,4
bring,3.121450815917994,-1.763133174211977,-2.0343138812162693,-0.29084680838998045,-2.3978991480278307,-0.7573533754630184,-3.0023863292821678,-0.9149216018704782,-1.0013942876851012,4
thyself,2.626466075882683,-1.5064825043532288,-1.296198433831198,0.1595494924977955,-2.5882472558381218,-0.49408033497161663,-3.7253228650813512,-1.2224729003561612,-1.0468670960199762,9
cost,3.0951798345995463,-2.2298748071361936,-2.022561122572984,-0.02403021226973419,-1.8267862281414937,-0.9836460464023098,-2.4738768690248323,-1.5665693425834495,-0.5511460584469976,4
what,3.5373995018102184,-1.3267230045844705,-1.3132298488106582,0.48233485149332783,-2.734842950000502,-1.583594534760012,-2.970956215307471,-1.3202708249766157,-0.7857107935053833,1
will,3.215244678490364,-1.3272347941762987,-1.8391885373432124,1.0694406397906826,-2.1271226165474024,-0.6014282482908482,-2.3352629500999025,-1.8298504821858448,-0.5695326874119114,3
In,3.1840688650660898,-2.00122297015967,-2.1864498638068857,0.48289655693478056,-2.3552965480200205,-0.38662760723557527,-2.9230304322744076,-2.201678439426115,-0.5618972684006135,3
twilight,3.1032017981337887,-1.4602520582321195,-1.8296902498897674,-0.43769615742266926,-2.6219625216254117,-0.8593868242932802,-2.817971286904248,-1.146012743028208,-1.2291676050684168,4
evening,2.973244624951232,-1.6350740529067016,-0.9134674691483732,0.17382043094550756,-2.849016488876595,-0.6355186952399798,-3.3622554444238304,-1.533450577459327,-0.6418456474872195,9
he,2.8526044727232702,-1.7590659622982538,-1.5152268098770214,0.965766825673293,-2.0785103220533023,-0.20117533929141043,-3.23862536792268,-1.0250223916399865,-1.121599749927312,9
clambered,3.4486341316505436,-2.2295861989870005,-1.3846347556429224,-0.07570580519657726,-2.3481161523000207,-0.5672079295331968,-3.5646572107763475,-1.1726004855088568,-0.8982823931318008,4
over,3.2897708636252463,-1.915330773929254,-1.1443174835989318,0.25151718261239187,-1.9042085506780946,-0.2649838931678638,-3.318290283790622,-1.974732617916715,-1.0691956282144124,4
hastily,2.88502444433916,-2.1198207579447814,-1.9026851432053042,0.9561134365196238,-2.2555744212980855,-0.5233441167990979,-3.7052801310364667,-1.862572198291028,-1.041185400584158,7
clutched,3.9039976623036443,-1.586522187122785,-1.850955524646806,0.3622662120075993,-2.0258832713858754,-1.1726617704150748,-2.9742053540542286,-1.4005290476705001,-0.6871356543810115,1
handful,2.9091070985385445,-1.60981728223944,-1.872951397277645,0.5602528451254957,-1.9870833559342864,-0.30019628554770733,-2.708743444819323,-2.0239947564925433,-0.49010188789224085,3
took,3.8944448442932247,-1.5899538827131954,-1.7011825684329995,0.2852639091910687,-2.509894688229871,-1.3684121627863204,-2.603694884313687,-1.391625714541984,-0.6883151412002098,1
his,2.7134947212308753,-1.9855585473834731,-1.8386061339659876,0.4382584611546957,-2.2727734401304756,-1.319696819026862,-2.358257392434744,-1.63765101551577,-1.509049605154742,5
She,3.05069925116816,-2.6739492920684933,-1.7737851703659593,0.7077284000244178,-2.572948224989017,-0.981451273755787,-3.171014148654501,-1.7984375223199198,-1.5077103499117246,7
made,3.642859630040398,-1.7549298124769541,-1.7439202708889332,-0.08123766734270438,-2.1345817034430077,-0.30663450888378035,-2.693828195662797,-1.1882555103246417,-1.3027735344980387,4
herself,3.1479428189295726,-1.6360529068612208,-0.7089922856396653,0.11821578223665564,-2.512880065353333,-0.375896537245441,-2.6221148650500554,-1.3776657859191501,-1.4740921142886234,8
salad,2.929709550179429,-1.8868639837022014,-1.4277457494481294,0.7156281013219069,-2.31996666223324,-1.6135531941443138,-2.16854450740898,-1.4237467891837172,-0.9976589437941014,5
ate,3.0266353599156326,-1.6069860379510643,-1.5522996464853536,0.08006193714523682,-2.2282927718248393,-1.4390312684744473,-2.1705442705147386,-1.4200470545196888,-1.5337838935743269,5
much,3.287393568723043,-1.6387396865762058,-1.4921554901987952,0.536223989135321,-2.0991220164857887,-0.6202649322925613,-2.521054507299154,-1.1309870054983913,-1.8284678392140774,8
relish,2.804618827331639,-1.3415581625896216,-0.9996704958658917,0.619825422442654,-1.7724267240385887,-1.5659781531752812,-2.2317703424146123,-1.6352439283635651,-0.925492752978917,6
liked,2.9481497557402574,-1.773193644673232,-1.7916277727572658,-0.07090804988598692,-1.9413835506345483,-0.6008324062051587,-3.0266531559111356,-2.3276873573133607,-0.6892580477049107,3
much—so,3.0706270559674667,-1.730431504033961,-1.4941524033379274,-0.1668931201899294,-2.5805224709342247,-0.8759638195734681,-3.204001075168091,-0.7762235272644022,-0.7973713823763126,9
very,2.645233742450166,-1.612394911296337,-1.0370165747258726,0.243486126306555,-2.838462130279063,-0.6635313322921659,-3.068396638315905,-2.043244084878984,-0.8424289953249572,9
next,2.301828524417193,-1.2194410519701309,-1.1179435842208598,0.29836796344577493,-2.3328746517101497,-0.9412945351873974,-3.0236958834979712,-2.0312530824138286,-0.9821315632963988,6
three,3.4771149309277143,-1.87726622952733,-2.1051176874302935,0.5768717473850364,-1.916513959655015,-1.2304067421457734,-3.154526213175852,-2.0718044983591253,-1.1119277041866302,3
times,2.3011639978320377,-2.2980138667539283,-1.1847206032095348,0.5128855093757769,-2.071701862145584,-0.8851703796982628,-2.691247825891828,-1.8051760505573975,-1.4831788326914472,2
before,2.4631595629716285,-1.5338381679208186,-1.1018031962444934,0.2775614918494956,-1.7711135452296032,-1.5524638600842486,-2.3158207075516737,-1.8895804537782743,-0.8710404286815296,6
If,3.089691967179726,-2.346303333346499,-1.1551573646676865,0.18546401288202446,-2.49297792080853,-0.37789576070798675,-2.894003469321986,-1.1129979153313234,-0.5963285450654046,4
have,3.4239402453153556,-2.336561970608041,-1.7005389238407196,0.290652174066213,-2.3879236515664557,-1.0120601196871253,-3.676511787356313,-1.6762221831575002,-1.497979553336471,7
rest,3.2219619751926527,-2.1604199163383666,-1.537596035185703,-0.12987962851012413,-2.0731048832413648,-0.6855087253342961,-2.4582573983942932,-1.1350565251512104,-0.4636735045575078,4
must,2.956397165657057,-1.7779748528629686,-1.541586354626887,0.46133431837019645,-2.5228714170346866,-1.7767658224660245,-2.994318398047575,-1.3847687490526746,-0.5509151330380854,1
more,3.1830356869461505,-1.8843514348271386,-1.6259957634655307,-0.21437900447558383,-2.0532845526155814,-0.8829808170933099,-2.3861282355498026,-1.1077823275641652,-0.5041217014785044,4
descend,2.382199249860673,-1.8467852415445183,-1.537188623534134,0.08991447220336883,-1.8868610626957798,-1.1688702162173081,-2.6314541161319434,-2.1877663913557974,-0.9958226338818096,6
gloom,3.2688037724195627,-1.3229246186518346,-1.1209426917853933,0.2730656719204309,-2.104598283666064,-1.723177802235946,-3.0957444074114595,-1.8241075171182963,-1.2595968756174454,6
therefore,3.01231865774373,-1.4157866473271097,-0.9296315166305155,0.5399685605347053,-1.977679525905733,-0.7539476895560479,-2.5359611947294525,-0.8504482674621401,-0.8497795380097999,8
himself,3.465294823346964,-1.395380773954025,-0.782936655579204,0.34154209841812794,-2.5205197677840148,-0.6815933477864112,-2.7800263089728983,-1.0852217920576834,-0.9599998583269769,8
again;,3.40814053091718,-1.727492331427274,-2.0982049338530047,0.5067521432604146,-1.9868765793878531,-0.4781803762893411,-2.679773991301129,-1.55483552118104,-0.30618784737797067,3
but,3.2443271400516505,-1.246934205193856,-1.752922631633958,0.6418691079076937,-1.7133765819738385,-0.6119567306101209,-2.86503078617263,-1.7142936310866002,-1.5386469107873908,3
terribly,2.6805621854000905,-1.8771936421804254,-1.0592892578153872,0.7043167951566183,-2.1961575279147114,-1.2123384079082922,-3.45499747595013,-1.152089515938436,-1.3784063134032187,9
afraid,3.0106617997924485,-2.4420196607302502,-1.0955016466904306,0.2332906566606289,-2.5424280252348366,-0.20098450576198748,-2.398123707765568,-1.6034343117074228,-0.8520659555029024,2
him,3.238549049170304,-1.5563464195911039,-1.5949243792428816,0.8709409975628531,-2.472557335381737,-1.152935257456101,-1.9747196613740734,-1.5121327943292064,-0.7415845398080926,5
How,2.7468867392320497,-1.7688111531358743,-2.245123582802711,0.5245462804114406,-2.478798269060451,-1.2473610904976502,-2.9511791461759085,-1.1991527047806958,-0.9464196979520851,1
canst,3.457472349040775,-1.4369278489294477,-1.0164953511053243,0.12704605738573943,-2.7659654202128987,-0.6115367046097862,-3.2771160060604965,-1.4659381396888198,-0.7420540622027229,9
thou,2.542909878033426,-2.4465557460816156,-1.5768302348182086,0.8516149454370949,-2.3014925615340687,-1.4567031058438695,-2.82987839871505,-1.6893903216873378,-1.1201083695955396,7
dare,3.3493892979665567,-2.2100324245097096,-1.6473692153969857,0.864990154929702,-2.1376463255301763,-0.9535890503990121,-3.5928902252980257,-1.608286555137833,-1.4213354579245498,7
said,3.539606993854307,-1.384464044250842,-1.8640516931031594,0.22389211275326423,-1.9163244305707812,-0.8385062221773826,-2.901190464029657,-1.3304191607826266,-0.349363469240676,1
angry,2.9707332774176503,-1.8942514664991679,-1.7456658509444192,0.9912486662629127,-2.7681452052328,-0.7461882048040325,-2.194906552126551,-1.897584660089169,-1.2796250720103886,5
look,3.2928229348607125,-2.0832744908798673,-1.684149986349003,-0.12214929004323459,-2.571130691078939,-1.0027013942331373,-2.7254320971096426,-2.133934411732577,-1.4720646094254153,4
my,3.238564526654563,-2.011278396826523,-2.064623011334272,0.9290240934680905,-2.261833068572154,-0.6459043129906916,-2.877819839347671,-2.216508822103388,-1.4176418761840215,3
steal,2.6593399571055385,-1.4668218634859174,-1.3199861176673027,-0.0934350181559432,-2.543699900511123,-0.4600564279910835,-3.599427963301057,-1.280912273600655,-1.3979663071596893,9
like,3.0121037774195973,-2.025531148238475,-1.7445590163018652,0.19197337639918743,-2.3491074233395786,-0.6797269354878059,-3.2270337006019405,-0.7638245519196615,-0.549024580232779,9
thief,3.28946912237637,-1.5970861471985247,-2.030900197040637,0.6925137603054324,-1.8307902035236876,-0.6108122900951403,-2.6584457019756034,-1.6070640860028291,-0.30050236578867223,3
Thou,3.1176574112303186,-1.848686594453924,-1.6421442338667316,0.4219429427257677,-1.8963732734645768,-0.05923967229822479,-2.3498578784061985,-1.7391348295787292,-1.108077221885893,2
shalt,3.1449596276988148,-2.223407388393895,-1.8723782014297583,0.8515133855193567,-2.539799706412705,-0.8488523896206212,-2.7917554357532874,-1.9930799145595348,-1.7241383097625211,7
suffer,3.1824167194389483,-1.9848848833907131,-1.0929504676955444,-0.08339701007559665,-2.499529733296273,-0.2602056302890096,-2.4030623780038507,-1.2084474581988374,-0.7989231085164178,8
answered,2.6447877955285537,-1.55206163395339,-1.3736401219229712,0.8503662543052339,-2.3339156046875664,-0.2207177028755687,-3.2888080359794847,-1.1142685159534214,-1.0544714651798959,9
mercy,2.5543299506222956,-1.2630258433242108,-1.0230840624673943,0.1320666778281903,-2.011461770700581,-1.4599024888926129,-2.712180841229553,-2.048537018135401,-1.4346593735675923,6
take,2.45760999517016,-1.6135809491050614,-1.6342280076406184,0.9134567764765296,-2.6894119150317284,-1.142365613607157,-3.2257982609543285,-1.3532645367795115,-0.7634977941966216,9
place,3.2549505693655476,-1.619678487087836,-1.7516829006021912,0.9471897248190649,-2.73464195205166,-0.9338595165336353,-1.9739218754554755,-1.7860888935184098,-0.8285099102673332,5
justice,3.4264191915441122,-2.0811411618441404,-1.6315686434030825,-0.2861816481938153,-2.3651830527857487,-1.2756976078158226,-3.4601358698732443,-1.4948136399910368,-1.1318921778262259,4
only,2.9506059773813282,-1.8203010055694715,-2.0660572286014833,0.9657905790722827,-2.3300200347204583,-0.45093140237757023,-3.44499270164439,-2.1386003142924945,-1.0334397716399726,3
up,2.744634584650641,-2.1101641532730935,-0.9159101962867198,0.3560754858594412,-2.625240730940601,-0.9291617505313488,-3.5236769633485396,-1.698414792671416,-1.0709187300964504,9
mind,3.418954764496859,-1.3562772418929017,-1.9134934248448956,1.0341123356759037,-2.2622510073039703,-0.6922244163210469,-2.2631300661674123,-1.7902692285096935,-0.5130521370257054,3
do,2.4668543327952843,-1.7507340996111107,-1.6871349362293075,0.9464458760009784,-2.7134286955463183,-1.200129582612505,-2.6221248937578494,-1.442130612748009,-0.9899087917215112,5
out,3.32973297824226,-1.10511055202045,-1.757144193019315,0.7608683552540195,-2.122075843218135,-1.1289754570348802,-2.2204543234273495,-1.695915664688794,-0.6751419752496718,5
necessity,3.259874958179274,-1.2460349269716329,-1.5490382836283403,0.7165781091256773,-1.5159285680853367,-1.0641141884949181,-2.3343645546540532,-2.0125521371511335,-1.3532146500514364,6
My,3.0575589667546756,-1.6900510792271637,-1.9004232682311437,0.5007160644286438,-2.2631296198377253,-1.707501755518496,-2.9432713406356523,-1.6151062029485324,-0.4630589432954538,1
your,2.974331173310342,-1.9381211655302315,-1.2041331000598121,0.5173541738277083,-2.343356640818208,-1.2572643804763877,-3.254023894589128,-0.7301043245380089,-1.1606701594336326,9
felt,3.2563786480145107,-2.157848154356509,-2.0721637139395788,0.9875892693513095,-2.5711795273300426,-0.48236708408386203,-2.693308133609398,-2.1202240450313097,-0.7668737371928802,3
such,2.8592005769489672,-1.6672005236200782,-1.4064391208069307,0.7438735516208299,-2.192142660998114,-0.15779077462909458,-3.268150304634475,-0.9321208703104058,-1.2442483605098702,9
longing,2.8025442955087843,-1.2070430284514855,-1.387698652625218,0.5032205922616394,-2.850537863507982,-0.961484426749507,-2.1457234848955324,-1.8650698590397556,-1.0517736631538157,5
would,3.0176097382812843,-1.5141228258829145,-1.4630488361442506,0.5935311705371913,-1.6078901619872714,-1.275886499310051,-2.3777613633586823,-2.279965873506371,-1.3613546444107507,6
died,3.3511488130026637,-1.445472767068571,-1.0281978152877067,0.18237949074824758,-2.366731635049906,-0.6618830270353967,-2.2871215599786074,-1.812997649838683,-1.6304177307780083,8
got,3.505741659019996,-1.397183950413363,-1.6370665478442668,0.5270066458188366,-1.5739022958350966,-0.43988060677224494,-2.309894541323945,-1.625152603594265,-1.0911025987898364,3
allowed,2.998174529507558,-2.148835188427896,-2.051668265646427,0.46719540594012954,-1.8934622831469705,-0.7005493018436649,-3.040332317817476,-1.003674289672856,-1.1259049036344089,7
anger,2.342081462393742,-1.7641347570040706,-1.5961269094622224,0.18435834023800657,-1.9035246949798565,-1.1588143619023248,-2.5739456598630204,-2.149365480639068,-1.1027097886595374,6
softened,3.5109184966283946,-1.1949263729631407,-1.8032782524463593,0.9430881199118489,-2.3106693396638764,-1.205215570305575,-2.237791678351018,-1.7264827696515266,-0.7663611432297366,5
case,3.2150750252977174,-1.2589903615607119,-1.7668238369567209,-0.22259333258439815,-2.785676326312345,-1.2717421132260136,-2.7413713766947274,-1.4561396939048323,-1.2838252653897138,1
sayest,3.111972541692511,-1.6085967653187838,-1.3652568072102609,-0.12700147510018828,-2.6556205587488106,-1.105222276975556,-3.369425381478465,-0.83706341650659,-0.851260272207533,9
allow,2.7700496601198745,-1.2581106844064311,-1.4414949363422496,0.4003391720487656,-3.0726557610653864,-0.6183299662097678,-2.531229220696082,-1.8844940825397458,-1.2238862413702332,5
wilt,3.1425685456798638,-1.3994468168409073,-1.2251606505007182,0.48098803341308954,-1.7504969789658469,-1.4020962709597797,-2.7988980103055376,-2.2279971262313754,-1.4690048646545097,6
make,3.2464442837594016,-1.3303595334860638,-1.556788535557974,0.6980672102611809,-1.5308003334167224,-0.9282517114755313,-2.179338420791022,-1.7199632220995806,-1.3852282254374362,6
condition,3.0243368133273827,-1.4748067773128828,-1.6765166749851095,0.35787183236027115,-3.1480155937012286,-1.0002819859037948,-2.7735184845225977,-1.9867273102468093,-1.0826435185867032,5
give,2.7230622355912266,-1.104684426238497,-1.465386700768996,0.897179153534751,-1.9823758263688693,-0.7823884964055922,-3.2191861911642365,-1.7192831765089607,-0.9280471442419695,3
me,2.8749249220649227,-1.9662011428720643,-1.628473144374293,0.48050161223799853,-2.2271483881008973,-1.2899219203408216,-2.324268265417242,-0.9700835459564288,-1.5644193622598364,5
world;,3.492014783885612,-1.2726745083726902,-1.9506201770934464,0.9458045196772673,-2.145741968054459,-0.704661741456587,-2.414255246711673,-1.8666407200564603,-0.532921907613489,3
well,3.5512485184434204,-1.634059532125829,-1.4236571009172625,0.7164886686700844,-1.912036780189994,-1.382581238439784,-3.455302716649658,-1.31672642824638,-1.2631755813588192,1
treated,3.1157741683404656,-1.9758157488106,-1.2566414003011832,-0.02093256342255065,-2.563109923536114,-0.28154163639530616,-2.598244208049086,-1.049330255082125,-0.6852763618206112,4
care,3.0700372933830007,-2.373897361447105,-0.9186140988056165,-0.013038924822529696,-2.61092599628815,-0.5950694547001887,-2.655750212582112,-1.4894508745674864,-0.6139346317378934,4
mother,2.562785087876448,-1.8985900811132725,-1.7558231226834742,0.8907468148127728,-2.6752065110842964,-1.2005733952579571,-3.155599470771469,-1.1461392067299394,-0.8556061486713674,7
terror,3.596570360545115,-1.8889228181852835,-1.4346458904472952,0.4459841551825693,-2.918304314167481,-0.7215518214601682,-3.3553111475454394,-1.3111085067942643,-0.9414120976116244,9
consented,3.117673472234244,-2.376753667867407,-1.4405977429865253,0.008341716799413368,-2.31133273639544,-0.5514554576990637,-2.7864541217228305,-0.9478515537563728,-0.530507577553311,4
everything,3.399827700417564,-1.4532061567675802,-2.0604429138960105,0.8856773980594037,-2.444910931471137,-1.4541759771558962,-2.7930884938176685,-1.8223709498839031,-0.7851666642222527,1
brought,3.7811822227038947,-1.6784054475311825,-1.8331706320163053,0.5059691878499726,-1.8181123446772436,-1.3189244986599937,-2.87544357312968,-1.6323537770078733,-0.956727480760915,1
appeared,3.443355665766929,-1.1801147716403118,-1.6940199248921155,0.9108268941904126,-2.230688575166938,-1.247245161150123,-2.135183089583258,-1.7277371979061475,-0.9239551306239463,5
gave,3.21608073502614,-1.5633315379692942,-1.6099748908686087,-0.06966985259787561,-2.169006995346609,-0.7828230073134744,-2.656677610477271,-0.9663094194406925,-0.36139382306749296,4
name,3.4346183446642824,-1.9283082815690291,-1.8193806255896088,0.153504780606195,-2.313254108615898,-1.1985490865394803,-2.220568764578142,-1.557936924789772,-0.4562494885187216,1
Rapunzel,2.987831581640306,-1.828837898900265,-0.8349288409893826,0.394472139093073,-2.3745072971646852,-0.9121149073023821,-2.3765606251021727,-0.9511715888302608,-1.2415039217344919,8
grew,2.4703103425398947,-1.3643712806809318,-0.9996835237225326,0.8768796256926615,-2.1988652706883456,-1.5725293929149966,-2.730446296799624,-1.5712409252371917,-1.300159995486363,6
beneath,3.1777947006678633,-1.9966594431992122,-2.2516174817454497,0.829682741997142,-2.4100194522840797,-0.45920702555268395,-2.7560742530108877,-2.1311924499469472,-0.558549392620439,3
sun,2.5726728236818355,-2.3824917990895953,-1.5689658209225799,0.7126383943083484,-2.2513368360520447,-0.5716346019861678,-3.574473206422927,-1.6579949938953833,-1.1949454132859372,7
When,3.207840164191658,-1.7427930614123153,-1.61429778403323,0.3822377081952482,-2.431597479841849,-1.1825648415623027,-2.4648604566765644,-1.3044521752503413,-1.8885580678849243,5
twelve,2.981266988082587,-2.317381788665178,-2.2549149315504535,0.708811586261791,-2.4138144953628644,-0.7902117059301509,-3.2282559623147558,-2.06281411720489,-1.3946055618590047,7
years,3.4897026361335852,-2.044669872790014,-1.5713568363182135,0.6400692574728907,-2.122153037676348,-1.12137303406043,-3.700716087447718,-1.448303484685765,-1.2966102781378943,7
old,2.623670419780714,-1.2269536652497262,-1.200211646466207,0.30069511720796005,-2.539243597991839,-0.7534996326227742,-3.65540359018073,-1.1021738122993476,-1.001103807142269,9
shut,2.516321309032464,-1.750726111101149,-1.6658433022707404,0.3690263865287342,-2.821637847195525,-0.3723351397113732,-2.4245754026515773,-1.976478769025325,-1.5219736175282246,2
tower,2.5185711872590097,-2.4016450367308484,-1.2530363099535218,0.4152025243234201,-2.095629799992064,-0.3717948717001432,-2.5660181424981916,-1.967365710385773,-1.4142259157974344,2
lay,2.6413495172435266,-1.5546868958475215,-1.1973731978426345,-0.21972848022042527,-2.530544617669873,-0.3753443806545744,-3.2388796151593873,-1.2780556679245891,-1.309097500455617,9
forest,2.4084037686307114,-1.6715136903612966,-1.203738384527603,0.6349887758276681,-2.598975203189827,-1.397743029655848,-2.479290784265389,-1.6412722518215528,-1.713938544343994,5
neither,2.9338611137327724,-1.070211697291253,-1.4388773919360363,0.19954139462715695,-3.0098301299523156,-1.006357736412181,-2.425545719989989,-1.6291268887876553,-1.2140283296915972,5
stairs,2.770597477395103,-1.0959000103868972,-1.0700484176663805,0.07787978011984255,-2.323887156177202,-0.6416497965367965,-3.3888041412986323,-1.2748339353984803,-0.7018718079667299,9
nor,3.1134432515472086,-1.5162469755035468,-1.7623953025692158,0.9805014161630539,-2.7548661588072645,-0.7668105532288535,-2.0858860105446264,-1.914228060506899,-0.9714170931240727,5
door,2.98912037093228,-1.804751028116788,-1.5843853293919274,0.8194659010917816,-2.148768624170224,-0.7886524238266763,-2.9846754961322803,-1.3340963101072796,-1.914901382516293,7
top,2.9733915064239693,-1.619389918218185,-1.1535241278665285,0.2940186739831218,-3.0118472686292437,-0.9968507880175508,-3.5792807990702107,-1.2273924821117685,-1.107319736390378,9
wanted,2.893928757064914,-1.7849408292233517,-1.8641848477167327,0.9149401699670585,-1.8955311733152305,-0.4536122406084007,-2.357505115573513,-1.8061224035407324,-0.4830182363622221,3
placed,2.4446872623736713,-1.7547862925813797,-1.7439195737228508,0.4704818798680982,-2.77020684224814,-0.3162449183726507,-2.427940207116491,-1.974229028806619,-1.5212981782876849,2
cried,2.8365900652027234,-2.006106072619369,-1.1873701399774577,0.3993195641103413,-2.2124005424484396,-0.9097842118767928,-2.8205044923093125,-0.7027683392854179,-0.6438082871780592,9
Let,3.5655784900433436,-1.5088596826538332,-1.8722265372029128,0.9097551445803933,-2.1290396342156006,-0.5740241562449733,-2.4700873700258255,-1.8044906946243942,-0.5693554184333264,3
hair,3.375490452913302,-1.820276054821825,-1.5396997944443178,0.26196333924357873,-2.4852677566682138,-0.11387623841590414,-2.7117925534513274,-1.674366518281178,-1.6096281299142148,2
magnificent,3.8255685225727256,-1.8385670347758583,-1.79278465080224,0.40625435209978766,-2.3961579727672064,-1.3388183109507896,-2.43330890553985,-1.517331588241442,-0.7333789109291401,1
fine,3.645124735265181,-1.4937123715661633,-1.7621888994061397,0.7467686855799994,-1.6359059836299195,-0.6611348750841419,-2.6490534993807775,-1.5954339729479168,-0.6376166958769138,3
spun,3.144301613305149,-1.0735813769840878,-1.4822927813632223,-0.07993511821497279,-2.4431165786112436,-0.7784420855341363,-2.996238649440696,-1.3090595461240175,-0.4813841393189804,1
gold,2.5363065190184795,-2.73649747324935,-1.4781046791332744,0.6384684966452041,-2.643174132476524,-1.0774863108272952,-3.4035232663158106,-1.31547017507683,-1.2026087605835682,7
heard,3.516830727187133,-1.1967258612466267,-0.9871434702677793,0.3315127404266866,-2.492754815291595,-1.4006799948845843,-2.938587386192496,-1.6229840838399194,-1.4029368745013435,1
voice,3.260915690620817,-1.57198759955209,-1.1167751721620498,0.520708744554753,-2.5720411395996976,-1.3422271580879757,-3.687689975076175,-1.1614347720946634,-1.3190530692303295,9
unfastened,2.901528946378453,-2.004084232882519,-2.0493207114437912,0.6828528446704651,-1.9978584456357875,-0.1397843401789545,-2.986147017712801,-1.8219036613695356,-0.6037010344464434,3
braided,2.939196100055165,-1.259054754347604,-0.7549367135557628,0.5452339853110952,-2.0115265458962828,-1.2501816387251494,-2.2947963352840426,-1.1271366573154709,-0.8176391009911399,8
tresses,2.7043090541182164,-1.5974407566367514,-1.5788348559666912,-0.07743852046687219,-2.41377707276092,-0.9915832482766631,-2.5431451688740836,-1.3717125200234392,-1.7625075849259126,5
wound,3.4252228574180426,-1.40937333981135,-0.9527929059349942,0.8243423916157532,-2.4926210668220907,-0.9727565431393328,-2.730555022104996,-1.680355597767474,-0.8258598107441788,1
them,2.3545095805580174,-1.7069069536686938,-1.267747428823399,0.624333766404627,-2.1280166048175655,-1.4501045412018643,-2.6805915332606376,-1.1724284854043152,-0.9839482443046403,6
round,3.096824197742249,-2.1072453647129987,-1.7529298316883826,0.44823852895157934,-2.3450934645031625,-0.37935416960287277,-2.976671836359519,-1.084054216246616,-0.3771980093460764,4
hooks,3.5469554753755923,-1.691857690159402,-1.584314254071648,0.5949435479156517,-3.1332440653520335,-0.8958598865908335,-2.886743361573604,-1.6234104895271544,-0.884287303792534,1
above,2.881692905514348,-2.216429400217859,-2.1943337952949893,0.5886628382314059,-2.294182066444038,-0.7171778190361164,-3.381499669095881,-1.8606154494847251,-1.5566822512427418,7
then,3.0624532883956834,-1.4737007860338178,-1.775407403252534,0.5075928396235706,-1.8035504286931574,-1.3595281163262742,-2.3360493868460415,-2.0662097198830494,-1.4328084252660747,6
fell,2.442777535145238,-1.1460584634699291,-1.4803137016531325,0.4701268301668898,-2.2836161621739755,-0.7092664767920289,-3.457878044830235,-1.4615623934307127,-0.8911619306421591,9
twenty,2.3434817831024417,-1.8046513030860467,-1.7255262254603103,0.5617777985489493,-2.761060890663464,-0.27784755993810867,-2.5970302167190917,-1.7400918562852685,-1.531405562041643,2
ells,3.1036068527228666,-2.228267884533333,-2.01171381227243,-0.011642423854536824,-1.8901351623327989,-0.995519006689278,-2.4085998527671193,-1.6717710753506467,-0.5110885950934163,4
climbed,2.537406866503408,-2.619895488724165,-1.4069538670597195,0.31704619905785736,-2.677890686599352,-0.8255357002188018,-3.263626740474482,-1.2767236664542922,-1.388286444172278,7
After,2.7804075496685567,-1.4283928307312883,-1.7572672285582511,0.6288437623133497,-2.6432455506488326,-0.3758130664321864,-2.918191090531171,-1.8644389866256272,-1.4336265816317189,2
year,3.480611905594066,-2.450899290608567,-1.4194443840125597,-0.009242362057535758,-1.8194685907699286,-0.2857940286756149,-2.9259052654132245,-1.5137702725438194,-0.8773927677549219,4
or,2.4797944263602596,-2.05648111750338,-1.016475893944114,0.21151384917094254,-2.523913898434858,-0.4387463730983244,-3.129457012476607,-1.1489741365599788,-1.4240037457780392,9
two,2.71805400008173,-1.8498993795320573,-1.5001803283063275,0.13378488511717904,-2.727406412666468,-0.44360450452334893,-2.264557911150911,-2.132641495744376,-1.2523687875581766,2
came,3.34145000522673,-1.928827056558768,-2.065685651729813,0.17136507577020574,-2.3406981288280884,-0.18149954193162643,-2.5386285244340683,-1.477925924241592,-0.6882134379751832,4
pass,3.3138022203231428,-1.2970299155743352,-1.6208047891805593,0.49070388054646585,-2.467617557665183,-1.553446786018334,-2.719757773269831,-1.0422186420220234,-1.2134759835521063,1
King's,3.2670087775392624,-1.5251353804518148,-1.8479932994745758,0.9403745592531648,-2.8983426818770566,-0.8145415243817387,-2.310090210111454,-1.9579919670852566,-0.8499334515948945,5
son,2.8450787720768154,-1.1852010688268966,-1.2804193671263873,-0.16202510205986115,-2.653541889609051,-0.8159022534118391,-3.523527772662747,-1.3184851122282648,-1.2050611443206605,9
rode,2.749113801945099,-1.4840131863027384,-1.2326983057769378,0.633901208900963,-2.4975409179162598,-0.35618234958170886,-3.371288980188908,-1.2298809649346132,-0.6844117105484294,9
through,3.3554135481136704,-2.315567083889121,-1.6663870546896635,-0.2732890574977196,-1.9551905221701367,-0.4776921119162744,-2.6859589066311726,-1.280663522719761,-0.9852483398568384,4
went,3.181875211876676,-1.7813928809815323,-0.5779415663549925,0.50479797489048,-2.129546944333588,-1.064923653180421,-2.9324860638250434,-1.1730124752480886,-1.0165448204026455,8
song,3.592040312372853,-1.1036243213098413,-1.456962039834408,0.2588849634425369,-2.6306699389114945,-1.1673993526631008,-2.8278972827792317,-1.3519005789672798,-1.43217683996465,1
charming,2.906707979008886,-1.7821102838335996,-2.090403228974772,0.5545169824750198,-2.1164065252943316,-0.44593423628014695,-3.079261074311778,-1.8462458573861946,-0.219714746649728,3
stood,3.5678111332570714,-1.761082081688018,-1.3439882719776066,0.26072637877678645,-1.617934445992064,-0.6750093494480753,-3.054597299228744,-2.029037699511073,-0.8746374114512944,4
still,3.502080429169722,-1.126384043059452,-1.522389623151816,0.8563603631910602,-2.2515742914047703,-1.2699344948356635,-2.1927162211621134,-1.8462205648261345,-1.1062710397615445,5
listened,2.892616522435567,-2.440772791888839,-1.2695796666978083,0.5050654163437146,-2.394220032760616,-0.2906525650894524,-2.2441667274212524,-1.6567168779313606,-0.8941257371819638,2
solitude,3.0317555375644996,-2.629122151077349,-1.5842256712098712,0.7243647297421162,-2.3562702167604153,-0.8713652585700299,-3.0226786689673677,-1.6679331143639256,-1.756250299961769,7
passed,3.0653826252475653,-1.8648935647712108,-1.3056498270277737,-0.3124284650714524,-2.199525487609808,-0.61552766777676,-2.588499996862228,-1.112896950773302,-1.5679291473751962,8
time,3.222691629944992,-1.7494949533477042,-2.024521966444086,0.9405320670893793,-2.2102784339095574,-0.7617633844060387,-3.357364976829395,-2.116211810212827,-1.326546567140091,3
letting,2.9875276883226602,-1.4935228231688888,-1.2024570537022443,0.21578081388150763,-2.7527029288716323,-0.9598700683882696,-3.75374098239307,-0.9816795474100003,-1.0427632046722313,9
sweet,3.649779185618298,-1.444943588708633,-1.7090003834278704,0.8223632997825429,-2.63028311814035,-0.6617937902565757,-2.7062270459328976,-1.9965966004546034,-0.8813340663679056,3
resound,2.7454417066844496,-1.8961241574232688,-2.1752483703099403,0.22507555466258508,-2.438094942411737,-1.0042518005841587,-3.2182124419789964,-0.9521647776683454,-0.9547855562080624,9
climb,3.534487570946971,-1.3843472903228369,-1.847612960640861,0.2927761578469861,-1.6265872119545313,-0.6468253104009056,-3.0953408393798556,-1.937457351250212,-0.9201527399861182,3
none,2.890304158366817,-2.0627835032124513,-0.7488617382119737,0.6121351057574516,-2.1019084915908928,-0.2969497289705262,-2.661550108711933,-1.4857083530973114,-1.043042837143844,8
found,2.717418532048894,-2.081829578009626,-1.3986385382589854,0.715256130141602,-2.414218310749607,-0.19590145212569787,-2.3802899300233697,-1.7845317994143715,-1.4930159189043146,2
He,3.242010557003032,-1.587081625312247,-1.137241147034104,-0.36630688069925754,-2.233324093123991,-1.103247813043391,-3.2844632063269645,-1.6568896966355333,-1.3428073910684593,4
home,3.000643904173907,-2.048237755834161,-1.6272601657325076,0.4845046749632817,-2.323311298648156,-1.386596593478646,-2.046790332196286,-1.2944988773707127,-1.3998070069595012,5
singing,3.561470802952461,-1.261268743518868,-1.2495135804385071,0.3614218985333192,-2.1289735130290186,-1.1156475812167075,-2.430436290485622,-1.838116862770315,-1.494150906316971,5
deeply,2.152528011050858,-1.835593880861596,-1.5150815344444106,0.740831281932987,-2.4668593157366496,-0.9627527868019672,-3.214548567191367,-1.8299513714066031,-0.9591765905587947,7
touched,2.7475011778153515,-1.2424050133826479,-1.4622911656018023,0.6563134556649234,-2.8932830481316634,-1.0472126694683925,-2.151756661931332,-1.869320921171978,-1.265156248498695,5
heart,3.0067883320165367,-1.6730242334320502,-1.0825857261335623,0.16142405815858635,-3.0391493476608322,-0.5320274935564319,-2.365164165640518,-1.8314287042477748,-0.983230253685789,2
Once,3.0386490994530235,-1.1133958103600898,-1.5771754378555707,-0.22542993733716468,-2.6102763455570512,-1.2481732575360447,-2.790191750032279,-1.6369476815258062,-1.2741643463900048,1
thus,2.5614661049932756,-1.7133969875226385,-1.238133869932652,0.7055222041709058,-2.2567884456693097,-0.426130333329796,-3.5135819094132374,-0.9880316474424149,-1.285262371214249,9
tree,2.176350899713077,-1.3741258191948889,-1.2476428220914833,0.3548787225313967,-2.146069592730228,-0.9850870236609746,-2.7834692311945752,-2.072491169146332,-0.9485535081760591,6
there,3.5100967093535016,-1.2425001534835989,-0.8951374119842608,0.47471302157399764,-2.8913121320257886,-1.3492243183265475,-2.960068478613169,-1.5229401893178143,-1.0706322572156997,1
how,2.6946256360513487,-1.501036074620105,-1.1098121125489546,-0.041797270029231,-2.270155351005724,-1.3653013961503724,-2.431612913125336,-1.9183003681421733,-0.7639345231584489,6
braids,3.03523845287607,-1.901583377199722,-1.070492843849913,0.06026467450860839,-2.960538135353353,-0.39328342016968965,-2.4416015914090594,-1.5978637192521772,-1.0347847635482756,2
ladder,2.6502064008204105,-1.5304233212191154,-1.1650347091796398,1.0422933285719802,-2.1251514701738032,-1.3222745543266394,-2.59885587041179,-1.4442358862941855,-1.410317300922312,6
mounts,2.8373150155200952,-2.006976575833421,-1.54166967328672,-0.24969085603921332,-2.0318632498384717,-1.2378313818224949,-2.661766521099551,-2.2954022666251572,-0.9229359662270135,6
try,3.252895313091386,-1.348774141580427,-1.3071512940408265,0.10138598934253332,-3.0604526816856636,-1.0690706343558334,-3.3714281935331614,-1.2932671711561758,-1.0969129857333466,9
fortune,3.200522710109942,-1.2840915353967652,-1.1362875054772015,0.8329575755110288,-2.6439627641223042,-1.369186945835247,-3.2063008787875256,-1.3106901743414894,-0.94103417024171,1
began,2.675433983443025,-2.2442605955599992,-1.2704419105226534,0.40963779859163274,-1.937369626329284,-0.29351081951997565,-2.5819637391370134,-1.6819840557718517,-1.6045185699578874,2
grow,2.3411861584608236,-2.1235511672181313,-1.8200962320638356,0.6815930086274515,-2.063437813684675,-0.4322316233759981,-3.2429500702134386,-1.356831053355428,-1.0199314679697182,7
dark,2.453013567099434,-2.0243952011109227,-1.447705652486647,0.5926794346940053,-2.4142185315368834,-0.4948053074439514,-2.4268003642273017,-1.8159819424056083,-1.7005073204693475,2
Immediately,2.6055188076427376,-1.8070508418128188,-0.8101645496466638,0.17101443790168286,-2.7183197707850284,-1.1722003922538953,-3.0620760157275932,-1.9176298204040954,-1.308435630098087,6
first,3.170231992324912,-1.2975472716854037,-1.377755505647668,0.6054191027749076,-1.6453193257698013,-1.2717944921272526,-2.3756131986108433,-2.2148647892277444,-1.4801799383841476,6
frightened,2.9540342832246296,-1.9517724043749816,-2.160665378289666,0.15360738168757934,-2.264014932055989,-0.7351030121155303,-2.174338261339785,-1.6640905562967507,-1.2473418523123543,5
eyes,2.789057603697995,-1.9598579517019683,-1.3507409780625939,0.5094252577530035,-2.545281082217852,-0.04996453122074362,-2.551100552011906,-1.7667143720044503,-1.5028703090344584,2
never,2.901451978777028,-1.79830418364664,-1.6163010445862551,0.06027037105918357,-1.5562762088514772,-0.6831009927616495,-2.6880178700418775,-1.9753100029447115,-0.502724658173839,3
yet,3.2232030288900804,-1.5035486508508293,-1.9208539827309705,0.223950188197964,-2.3770338490714513,-1.3792628498773658,-3.2379304419759807,-1.2336028962987409,-0.4055429189604894,1
beheld,2.84501816295761,-1.317482896492184,-0.8208164632232667,0.5381865624080423,-2.794454621818602,-1.0539880240383963,-2.721082472393513,-1.7294274269185732,-1.2375023798305431,5
her;,2.4180803419516734,-1.400990191266934,-0.9379565545944456,0.24379388786718173,-2.1191783268237856,-1.5046834393694408,-2.684250656675842,-1.9231850716288703,-1.5725713769540883,6
talk,3.772401240388342,-1.9842139999169464,-1.6504250339646749,-0.013665339102531497,-2.409229337654145,-0.5063942213464592,-3.240757824467391,-1.893892402543168,-1.3393438654823298,4
friend,3.6381364819969324,-1.4274560730280643,-1.5163561969563824,0.6368288214940909,-2.708280991363068,-0.9037563270532476,-2.1767319645977454,-1.872887826593773,-0.808647186237434,5
told,3.1628981748033875,-1.7119621712665307,-1.9848538270006626,1.0369811817118402,-2.651918870589134,-1.2894576984484039,-2.409142165824195,-1.8470716390658999,-0.9971021972499561,5
been,2.7319494539627316,-2.4469909086624413,-1.6163976494041432,0.7377582477063591,-2.5798901523278506,-0.8799224879302727,-2.693262285642364,-1.6584604965377243,-1.7917213421212592,7
stirred,3.2699582792297215,-1.9054079392015872,-2.174093616170234,-0.1567857528972313,-2.2185011641059145,-0.7404639468983156,-2.3452096579894657,-1.3128603126338743,-0.9635475148682774,4
forced,3.7680406944911766,-2.0027298305832737,-1.9520548519304888,0.725706991412478,-2.2928800608437356,-0.5923433637687389,-2.9142086254184507,-1.7256818408479857,-0.6832657009550985,3
see,3.4161046755104074,-1.772575312770493,-1.5371207027749911,0.18691986897948162,-2.3199428209490476,-1.2390069412507452,-2.1278732147656734,-1.2218575409234107,-1.4992377673382198,5
lost,2.981591176155067,-2.5024080672592808,-0.9735755461630587,0.04096680556152366,-2.656526005845631,-0.5214836766940454,-2.898638861483354,-1.6081502342065332,-0.7172623783753113,4
fear,2.444659930743842,-2.4365284886434333,-1.0446229964582847,0.33420421996940675,-2.150883778619828,-0.8266102433043445,-2.5075775393291146,-1.9778986313191214,-1.0027607187079475,2
young,3.0684922910819785,-1.8909908346719528,-1.3470164485938192,-0.17967758477632917,-1.6523130211195916,-0.47123372594885826,-3.047882318196859,-1.9004905081352168,-0.896310011863837,4
handsome,2.8812969016353334,-2.499881460383402,-1.3758543111644443,0.6108768235854893,-2.3192263932688473,-0.0616947635564394,-2.5111992392931555,-1.64113486147288,-1.0464088726623837,2
love,3.5136558427296336,-1.2012010901159231,-1.3381358643970027,0.3271088860025776,-2.9858784595432026,-1.430812939933148,-2.9460632603237515,-1.5311063871286488,-1.1112437048250825,1
Dame,3.4674358408340584,-1.196165531629876,-0.9207741629847789,0.42315711839445974,-2.7373808206374637,-1.5744252548996278,-2.9235977332583802,-1.5560756406054317,-1.1166725424040451,1
Gothel,2.9450396785760318,-2.693197920842781,-1.5407347002709801,0.7485934951400026,-2.401972953632758,-0.9102241795988608,-3.19846917288983,-1.5839305948524973,-1.6610436094906682,7
does;,3.1483760797847764,-2.1697821640175277,-1.9455216884308253,0.06580659415238173,-2.1146517713414847,-0.252852465281108,-2.8181224328152163,-2.1262240519061715,-0.6395469591214411,3
yes,2.419800513027477,-2.3669726104740088,-0.9862618762248655,0.2634547836082231,-2.18768662108986,-0.7002643297445814,-2.6123166933431428,-1.7416448118283419,-1.0788160562952402,2
laid,3.210726276388183,-2.2578568960946788,-1.5849181689664023,0.027777702813511006,-2.338738194023262,-0.7703956538831659,-3.0113734531085377,-0.8486658852524346,-0.46961301226145225,4
hand,2.9332729796570374,-1.6719200725538144,-1.9869664629675918,0.31925778513622527,-2.21047456297727,-0.4955517648735457,-3.258021027460352,-2.316288137480275,-0.8094036940438952,3
willingly,2.6753097982515026,-1.9729292929218105,-2.1148933367097857,0.4342973360705906,-2.265538636035292,-0.5517383494198287,-3.3450717372207035,-1.9075366573930117,-1.4136273995311333,7
know,2.882827322277045,-1.4967291597511303,-1.8963132366940787,0.027701419515990484,-2.1900927866771878,-1.4215571960365452,-2.33151680732452,-1.7207097161592186,-1.3353553619261167,5
Bring,2.647175890911978,-1.2709072544552644,-1.2062806332845908,0.47561213646891465,-2.920462582509035,-1.043991624656433,-2.357287208370319,-1.7880222863144253,-1.3267624341341622,5
skein,2.8998797416947855,-2.21145933756101,-1.9459103236271975,0.6672738760206768,-2.355883233308144,-0.7427212267996743,-3.6148696048985522,-2.1046255870748425,-1.174238615162044,7
silk,2.7359027359524366,-1.9970191208435277,-2.14802891752985,0.42729236399826104,-2.216291932866259,-0.8303086225895875,-3.19909116404355,-0.8585922321025594,-1.0054618728891864,7
comest,2.6342442673365927,-2.3217792934795574,-1.4557860404537015,0.5998780777421848,-2.073750546467532,-0.3173332283679441,-3.3607131400521344,-1.7237154484702288,-1.2874979442523178,7
weave,3.0454680627627146,-1.3639513939548766,-1.5159434367978402,-0.43266456636362055,-2.6347622164582165,-1.057668202733437,-2.9947993901304804,-1.1974727237542997,-1.2652834851408574,9
ready,2.7041220132012675,-1.9355197025658752,-2.12321523697219,0.8593150317732553,-2.16399774727777,-0.32395230766227073,-3.293728679900962,-1.991988388046641,-0.6180115902749307,3
on,2.544477669097877,-1.2192412954219558,-1.4446278918563158,0.80680556978569,-2.830762994341419,-1.0075516303401542,-2.419564784759908,-1.7394479321081713,-1.056238983793607,5
horse,2.900330392624429,-1.5422908176268588,-1.5499299922636935,0.7731046695296293,-1.7233143504403672,-1.0775033413979929,-2.18895766688307,-1.9486845513048072,-0.7471834429303543,6
They,2.405349862784532,-1.7645647915181815,-1.2965773266106984,0.8041250729024233,-2.445649890328269,-1.5166656800583,-2.614809972467935,-1.4309316441482565,-1.6351901968783749,5
agreed,3.099970202018472,-1.717467179529477,-0.8362398250091542,-0.02078379422791304,-2.45838983690656,-0.27708759246011705,-2.3719639148413076,-1.3839063163613667,-1.3809697035700559,8
until,2.835016753989539,-1.027759981553231,-1.5000177291911934,0.729874049312859,-2.30010981524788,-1.2538929132282028,-3.1371498469016026,-1.3062612575704153,-0.826112225539653,1
should,3.535187078812294,-2.0740559055329104,-2.055420908616784,0.9263973398165977,-2.724530373659957,-0.8193835597542397,-2.860467315109981,-1.9636282987422196,-0.8819080198722529,3
come,2.847443168433915,-1.6451899259000269,-1.269419233670661,0.4914748036835995,-1.8505393850544358,-1.5419898337569997,-2.1455673758539198,-1.472512666693456,-1.006521439758969,6
remarked,2.9855818718855733,-1.9331674354703174,-1.7737199558650383,0.976969181543938,-2.3209273782977573,-0.5928441269971894,-2.0103288291627495,-1.7181646332889025,-0.6333318698355966,3
nothing,2.9349555516624886,-1.8859353805373564,-0.4950417229585494,0.6609829756673864,-2.0219845855391765,-0.9690614390974245,-2.6180480545952043,-1.337938534192199,-1.090830270343914,8
Tell,2.4763465180730835,-1.1589115920012008,-1.0601589206488842,0.09496522680452817,-2.2664775106735138,-1.105439781066327,-2.8723714863452168,-2.1601952156805795,-1.2365158854361484,6
happens,3.0592202786647547,-2.109575697297069,-1.501065338642833,0.2014852717109697,-2.0474354799708947,-0.11426408459375215,-2.9309492102419603,-2.136229070260339,-1.2433691265670765,2
you,2.8559400638242183,-2.0213610823191948,-1.6235437089579543,0.7696500947475288,-2.342048317096954,-1.5313068113023691,-2.2076001048453864,-1.594798116134406,-1.1720032214970288,5
are,2.901448833703098,-1.6204703424542732,-1.2599350880105131,0.8752297323403997,-2.0664955821697517,-0.13509625811378,-2.994385517460129,-0.9653918624037726,-1.2871023295142634,8
heavier,3.0190401057170697,-2.25014001094855,-1.8629199557112015,0.4588295237215712,-2.447296599101815,-0.7286022757977225,-3.7846406515607938,-1.8806882519449166,-1.1790484450601697,7
draw,3.1014771559225247,-1.5338081867411901,-1.6885811905261754,0.7901229742424526,-2.1222166305009478,-0.7238480897276156,-2.7099175094016945,-1.5749955771602877,-1.9260233583401505,5
son—he,3.356596970135039,-2.074338894546376,-1.470274241310959,-0.3873150021674789,-2.507673797228333,-1.0500586447689464,-3.484985465988747,-1.413213376491152,-1.146278903656391,4
moment,2.6704561218400116,-2.476617582410363,-1.1678540041950043,0.44665612758386686,-2.288136786056111,-0.909406476108525,-2.8245598156910394,-1.0773736561805334,-1.5547733584740309,7
wicked,3.164190099722045,-2.1316029836693797,-1.7994473784201284,0.23671415917766447,-2.336430813600568,-0.3348059617414649,-3.105951013346756,-1.0869321141169677,-0.4912726739951993,4
hear,3.356076440908825,-1.4070566024957127,-0.9597173732465556,0.4252489939687444,-2.6449791098766515,-1.1112246652607132,-3.308256521350596,-1.0936904498179927,-0.8788646509042747,9
say,3.3839491492497378,-1.4000522695901407,-1.2926864778426188,0.5705618130402621,-2.501578617499766,-1.5424537980214388,-2.4592461411120414,-1.03014761454649,-1.1574586014885284,1
separated,2.750428361828418,-1.6830299910140618,-1.347244002257209,0.6843550420099292,-1.9005582277360296,-0.6351361602464327,-2.3975192410238755,-1.1038483736534341,-1.124119952501605,8
hast,2.710076917185674,-2.576557536749069,-1.4182244075136385,0.5003712174843258,-2.4471294412912363,-0.780936144524439,-3.397460902682717,-1.0780545736208427,-0.6122255114071853,7
deceived,2.7557345880437887,-1.0798061857027765,-1.1255839076029257,0.62373626806671,-2.3833749870548755,-1.414663527383273,-3.2242475682195213,-1.4205853617472504,-1.0627890844939287,9
Rapunzel's,2.477037083834732,-1.8452578051965425,-0.9537546029345829,0.2672297641631829,-2.9047605929257894,-0.7586100040995664,-3.297005493902874,-1.7983321501066176,-0.95649361278987,9
wrapped,2.8723536535061,-1.2423368358343203,-0.6867494545738986,0.08280711795684571,-2.052667971678874,-1.128411517853582,-2.6473976394298298,-2.0437229036649693,-1.3259841089201754,6
twice,2.938949994057819,-1.7128730378430306,-1.5628696669414255,0.1965916801960769,-2.737361206027821,-0.2818777751314078,-2.3486212236796518,-2.0961477904891344,-1.353751009647671,2
left,3.2249237084856217,-1.8039722299179686,-1.8646179794244662,-0.30041716137790325,-2.546304815783414,-1.1176305771942447,-2.6161044439257237,-1.178409595252493,-1.3746232632465318,4
seized,2.844415482199214,-1.679830243717499,-1.7744814835407563,0.6025019888343539,-2.9091335175636943,-1.1143502032578874,-2.6145659813702498,-2.161331742255733,-1.322622223461321,5
pair,3.60936334401945,-1.6924213290395234,-1.5224414955593,0.7166561645397899,-1.8789157369412015,-1.2290990585161747,-3.415937333175197,-1.1764123402521036,-1.161134251097579,1
scissors,2.57019993694775,-2.4236722720022086,-1.3966839983507826,0.8760965194272721,-2.669112227044453,-0.7979714136671003,-3.374223281231852,-1.2611117776848821,-1.083686589299335,7
right,3.7175584811650557,-1.5214121137217242,-1.6385888253033611,0.3799160020598355,-1.5518967296240969,-0.33393258631213674,-2.636492861009869,-1.6355135694888412,-0.8947453680813352,3
snip,2.398014398857193,-2.699734070686794,-1.4999085320302372,0.6840575502197321,-2.43690608178922,-1.0649982362754231,-3.333755834976909,-1.510093752630272,-1.3391818383892904,7
snap,2.9857225535339267,-1.4597486709005336,-1.5889638999458913,0.6920516094036556,-1.6711569522250753,-0.5351180733034786,-2.370608853158948,-1.1439830301590723,-0.5907867826766003,8
they,2.6231422743194455,-1.5376781145766136,-1.4536708573906536,0.6874807752186046,-2.4237504703458375,-0.553170627218681,-3.5447511389965016,-0.9250797315631374,-0.9497165309374926,9
cut,2.6783558069726414,-1.8340506922276891,-1.271295554183632,-0.1794894784953593,-1.920917926435455,-1.2611709830531512,-2.5228465680104613,-2.081641071190142,-0.6899295421303598,6
off,2.829057243343223,-1.1272070215031822,-1.2185998500940247,-0.057461601826626255,-2.5455421022545157,-0.8876965956095603,-3.4154479867523575,-1.0982544982160127,-0.8652111105303567,9
lovely,3.6431850559437273,-2.396936816371731,-1.492068056415644,0.06268366020033707,-2.0426714163140463,-0.33941325938286093,-2.886439080516854,-1.8137331646558525,-0.7304872434430302,4
ground,3.5270391490811397,-1.4264309758727138,-1.7508025546189077,0.22799581295804205,-1.5445410883673145,-0.559147615695284,-2.9880583713925417,-1.953162117766351,-0.9845824384500548,3
And,2.4801618092934894,-2.4380968188919185,-1.2177087252255094,0.4496055642294442,-2.1546680053599196,-0.42467781609181443,-2.4306295947760903,-1.9242780128412968,-0.9890609229933218,2
pitiless,3.402418021370383,-2.1858959753079303,-1.5505962246160918,-0.4020446295314956,-1.9214879677061398,-0.4472529616486756,-2.946329734827398,-1.3034921494738447,-0.9337343136267107,4
poor,3.57405429266217,-1.414308832770451,-1.3113842441022956,0.34266508717317246,-2.5782093080734576,-0.9660439833309491,-1.976044327214461,-1.7050178685409316,-0.9728001745775623,5
desert,3.0644693802068024,-2.0019386772552408,-1.8675387424617294,1.0291350667802894,-2.2582723514281344,-0.360712947667454,-2.1739565466317012,-1.8484131763701712,-0.6470003235807358,3
where,3.6401566311433364,-1.820402677538235,-1.9542411262589412,0.3410117635739495,-1.749962062967083,-1.3093338328116713,-2.9604803686635655,-1.9530818191458175,-0.9212782725670071,1
live,3.182069379662606,-1.967402483422218,-1.4023820102637694,0.26391484052606434,-2.5419448065587686,-0.6718778910484727,-3.6840817746224124,-0.8676493501640257,-0.833814331083104,9
grief,3.064650627044351,-1.549350937302166,-1.2635458389258767,0.7712503374541525,-1.8390515285843112,-1.4117972186601053,-3.125894022529596,-1.8267950696063677,-1.432263340485442,6
misery,3.226189855618537,-1.3063868108988743,-1.455409963506394,0.48121387857650005,-1.6941335545102392,-0.4857035831879566,-2.48144318313126,-1.042893918719342,-0.6504229642052964,8
On,3.289057815843306,-1.1090556041392308,-1.7312107801543168,0.22232410554091964,-2.171865291361658,-0.996373885581447,-2.7370178598410906,-1.3731793444333988,-0.35418635789674335,1
same,3.9384387826166853,-1.6044095916053935,-1.6311679245564181,0.18743309247290021,-2.4935215488320313,-1.0714759644262728,-2.554592980187631,-1.5190893263577085,-0.8718348290346524,1
cast,2.709803123178849,-2.002155455174279,-0.7773148867346735,0.7321261210944685,-1.8504078463054403,-1.3512459402248633,-2.4313742799690727,-1.670867245658252,-1.1877623839573392,6
fastened,2.5002058643246894,-2.0334706739827766,-1.1960816272680774,0.2957254793101844,-2.0638326887812326,-0.27898878057044935,-2.6932931932003608,-1.5341195028785637,-1.5746551099229071,2
hook,3.5644140111078357,-1.1333098658151577,-1.4441960521240524,0.2825055916469308,-2.65207805199837,-1.3614816431178098,-2.948172931964117,-1.586268951981798,-1.4671829571816084,1
ascended,3.6939813414176017,-2.05637402751037,-1.7214835538623323,-0.09426207923796047,-2.5296118745674723,-0.8927267076087956,-3.1401811712515864,-2.0355237049205765,-1.4242370101345236,4
did,3.0310819877692903,-2.0025800455599185,-1.9320436801874799,1.1378711589339052,-2.246846382548191,-0.4544236416165939,-2.234729453308866,-1.8512725911029118,-0.6804487680170784,3
find,3.0259169077771295,-1.2415671022120716,-1.0894758566165705,0.5541219125493936,-1.672659866284465,-1.2147885476931841,-2.43057725301717,-2.203329361383122,-1.3575424730294914,6
dearest,2.490506489425367,-1.7126207123338428,-1.079367926841022,0.5985609468706777,-2.048312762573363,-1.3668717203684269,-2.720738264781061,-1.043667968566906,-0.7508982432563205,6
gazed,3.0302485247432807,-1.3209049180282635,-1.349798011071455,0.243254543826662,-3.1801560323400135,-0.7215765089084876,-2.914930961911062,-1.8083034979884607,-1.1610278694871412,5
venomous,2.7367165251953613,-1.4531632185193308,-1.147513656172827,0.3218728124687941,-2.6824238847307735,-0.7195769086129066,-3.7053789190951303,-1.033756677314264,-1.0270588262063793,9
looks,3.398300732253146,-1.2732967271482365,-1.9994757919486457,0.6251535366845046,-2.376843422820284,-1.4326141423741114,-2.7662310888931794,-1.7654571458600883,-0.7198567330222196,1
Aha,2.981597544671705,-2.0617744586166693,-2.1966695394996085,0.5673011397353329,-2.5385910159650638,-0.4451801579125827,-2.907039804508895,-2.085926133256089,-0.602910538333536,3
mockingly,2.9054421994869526,-2.203041584591547,-1.5491217159813848,0.7800920382575365,-2.2728010958875418,-0.24516011197578305,-2.608146176584427,-1.8131748157735945,-1.5381629320909085,2
wouldst,3.1341196148267354,-2.1291941133399974,-2.1609937503398147,0.8491666579583451,-2.262225715630559,-0.8507927676993938,-3.4488845639837686,-2.1187678490923623,-1.2792361585811454,7
fetch,3.586826672461207,-2.147212031218007,-1.7487490991077672,-0.23850175989304948,-2.1991565135796014,-1.143069645860814,-3.0617177118091923,-1.8377426918451225,-1.0013713482655509,4
bird,3.178093012966065,-1.619676739249652,-1.7773979122566503,0.8683684315407859,-2.099134792173778,-0.6990662903076277,-2.891862662960153,-1.5271735019551744,-1.8919936108261548,7
sits,2.79857298356313,-1.4900514130726943,-0.9765321380224353,0.39371316480200985,-1.8049678928052153,-1.518906380396872,-2.614628461647708,-2.115266639619406,-1.1532823343092946,6
longer,3.365653133133573,-1.6323267413455218,-2.20337301966322,0.9020832362213311,-2.1688696579021776,-1.0707294223664838,-2.6355570391654712,-2.160672064692297,-0.8937855016587793,3
nest;,2.8047504309312843,-2.736475817245177,-1.5611690420660937,0.6011420533649215,-2.5572713372985962,-0.9525753244309718,-3.0722752544330407,-1.6641813041212699,-1.6904718620792913,7
cat,3.1054896234500715,-2.0986062705189372,-1.9531743460402289,-0.3521834934871343,-2.590698150053757,-0.6714555046546598,-2.7036426272216803,-1.2206470786200496,-1.345006085032463,4
has,3.4167611275487584,-1.4963475390238117,-1.8362673734682322,0.6992347675853572,-2.6945899822343518,-1.117092313184767,-2.1082499330795503,-1.8662357058594718,-0.876357453663998,5
scratch,2.576166742766698,-1.8204060181428479,-2.209375306573867,0.034499233445090406,-2.2843020263201375,-0.8944835679509548,-3.036437785765361,-1.4803267204313835,-1.258669134672709,7
thee;,2.727470321705505,-2.4087644651758136,-1.3051111045316743,0.5956945867950139,-2.094275043672239,-0.9819707108137964,-2.7158628808350374,-1.22778423557555,-1.6472797045688676,7
beside,2.570258095403196,-1.1299379250801211,-1.2781925611358333,0.7397114838561097,-2.050667460471017,-0.7430646207736643,-3.3570378208715552,-1.4579724971922046,-0.9702826090053409,9
pain,2.963052650258343,-1.4230709067583767,-0.5422020303054109,0.055386652920088535,-2.1646532808615233,-1.0239712335651039,-2.676112563745067,-1.9066487148794578,-1.3638063248309398,6
despair,3.349931845394884,-1.900228816778753,-2.2312849517948257,0.7946916046243292,-2.2291847076704405,-1.1367799037705153,-2.9345226942605094,-2.238917115093195,-1.0878787285821951,3
leapt,2.620868345930876,-2.549009027975203,-1.1036511186389135,0.3562872950088264,-2.4576351611263005,-0.7666655204124233,-3.2517608713134916,-1.1294766673620644,-0.7601819141536738,9
escaped,3.8252018357990707,-1.6795361192047578,-1.6752089422814733,0.15869847778916718,-1.8451776408949299,-0.2501779383403303,-2.7039370260539903,-1.57244504097365,-1.0274333620183793,4
life,2.9697103935240454,-2.3601333711546806,-1.3210133925415422,0.7136493781253272,-2.068641842745318,-1.2524043312244926,-2.969286315078895,-1.3102000554303568,-1.674859390336189,7
thorns,3.0710012567031537,-1.4491127572194031,-0.5238654340392552,0.252000522130058,-2.2088709143241374,-1.390849602550213,-2.726994747850641,-1.9087484570973317,-1.2102727616838196,6
pierced,2.6873676436083493,-1.9335533914741214,-2.08855767205656,0.7276481407533537,-2.055883091642643,-0.34083995111204163,-3.223063757407904,-1.8106914207203488,-0.41244385472836476,3
wandered,3.5833659283949952,-1.3823085086813034,-1.0284974968097553,0.2145976325447799,-2.343469008448431,-0.7748604872016419,-2.404366231975261,-1.1807132813694294,-1.0758799524229574,8
blind,3.7903121914734683,-1.6079341915892769,-1.6566837713293894,0.6559673700191263,-1.8148057723943103,-1.0875624453353852,-2.6393660073367333,-1.3686736787488618,-0.9214443432666267,1
roots,3.829712846809255,-2.268366578135163,-1.8025518908347151,0.34520917468413204,-2.583399219367315,-0.6722345507081611,-3.0334717859319573,-1.6662363835604292,-1.2138372446475691,4
berries,2.951872015233612,-1.1106459123669334,-1.145916837913697,-0.11245084707963322,-2.525442364918267,-0.8322588956236399,-3.3449469579456976,-1.1898745726869082,-0.7145931741410485,9
lament,3.313458593736897,-1.8381983377826416,-1.0698837875941132,0.16199093334269163,-2.014227187840684,-0.14933894144124474,-3.073400933133589,-1.9700497300967887,-1.0851156075408015,4
weep,3.432244417515946,-1.367301141145532,-0.9324279748696318,0.24227169421941694,-2.3777418080233503,-0.981814173551167,-2.2435891202742773,-1.0751641662107385,-0.9325110612803312,8
loss,3.745028418423622,-1.6491816648679412,-1.7018753059639393,0.3358899904858233,-1.7272880981213503,-0.34429481963937925,-2.7557560527373237,-1.8494373104278021,-1.0420452390095079,3
Thus,2.7731043799552757,-1.2805896580286467,-1.2364172582706043,0.8554868603917832,-1.824563884707456,-1.3348978075897535,-2.1269813371077575,-1.828599138790294,-0.8560488064334626,6
roamed,3.3321747111807483,-1.6241512197222447,-1.9156182623156635,0.1077649616925255,-2.2211105563716824,-1.5059126706299581,-3.024355554512347,-1.1648915137058744,-0.3585306973775511,1
twins,3.657157739301541,-1.884004646523675,-1.8795428181040599,0.09011428777064681,-2.370145138037773,-1.2185789554139994,-2.3392797951697224,-1.3596280892881447,-0.6154872232449393,1
given,2.8664179036146584,-1.950434341164855,-2.1196186865408024,0.911849986355153,-2.336359198307123,-0.46190521107369664,-3.601284942165796,-2.13633410075812,-0.9878129153119506,3
birth,3.209642106089456,-2.531345455442377,-1.4157309049669033,0.8507361095342512,-2.7553758463702334,-0.8666509369560553,-3.25619203870495,-1.4408578880495442,-1.0418177676382543,7
boy,3.2009863955561935,-1.595650589737537,-1.9335395397346438,0.5519055861975503,-1.921253441824817,-1.1191510417389818,-2.8731775421155983,-2.262758725824226,-1.1488221642545766,3
girl,3.435931619540701,-2.389864803702509,-1.6030921959217241,-0.18433912871241023,-1.8336495560523534,-0.47926206179917114,-2.9395157156803395,-1.4476306725392436,-0.8108784643763548,4
lived,2.9701414601530316,-1.4696009302405504,-1.1174905738974659,0.4689453771227086,-2.6289629682460043,-1.1280191075824586,-3.8058720250569236,-1.0819838500098262,-1.2114325413166767,9
wretchedness,3.6258610286970163,-1.5262186433979146,-1.9475100269417949,0.15899865523881132,-2.30524889814397,-1.4085395227450819,-3.0302485903888425,-1.1997595393664349,-0.5028419173899742,1
seemed,3.760628345396297,-1.388928336595233,-1.3181024804090569,0.681489007646339,-2.2963029591002053,-1.290228933115668,-2.8724187000762815,-1.829284465589377,-0.7893752150176306,1
familiar,3.1023786118441303,-2.698626015200479,-1.7531985615286552,0.42477506669079035,-2.1178640609627704,-1.022721814253436,-3.2678980215403817,-1.353738571201731,-1.0642495970261132,7
towards,3.2429859342753393,-1.6530972276453608,-0.9340240491872589,-0.00037909597230946555,-2.6506152615987943,-0.2303703578664841,-2.532242190262162,-1.602610573552953,-1.4880031568184506,8
approached,3.7651066312168533,-1.6934508058436761,-1.9571895636347916,0.09927395234381015,-1.8467862335099985,-0.7683841340815177,-2.9113975248136432,-1.4281715391135192,-0.5665345147237248,4
neck,2.2639569534447324,-1.704448737287687,-0.9777032016278284,0.5008299053374777,-2.0274789766669703,-1.5707123984168767,-2.6326679773976767,-1.8010000564820576,-1.4525831801890832,6
wept,3.008589784005778,-1.253711253738203,-0.9028614873237321,0.39474170685115123,-1.95853462988711,-0.8040308182027261,-2.5572993143800185,-1.0013655585156025,-0.7125632279614812,8
Two,3.2050334464113335,-2.41680946331816,-1.6107541549579982,0.23062581779369357,-2.1203188099693424,-0.08630845393435851,-2.4760948255679063,-1.5407732705856363,-0.852302668644713,4
tears,2.352650508924493,-1.4900164904531452,-1.1142577569729653,0.7458927017057437,-2.3729552799482843,-1.599838751016036,-2.600791670181661,-1.6890078218062405,-1.5285139347635706,6
wetted,2.52141366474418,-1.4996798546957528,-1.317506535655013,0.6582566791321837,-2.548895596496515,-1.4770844765546014,-2.3163743167585333,-1.641039961457513,-1.6074506171147764,5
clear,2.9791998290621517,-1.766031785490355,-1.9797657122336623,0.7991188128515506,-2.577263949850932,-0.40456469609695833,-2.508566642193035,-2.0763940908600778,-0.5241719131171578,3
again,2.614431973000961,-2.551890181522905,-1.2881250013748173,0.42945742800345227,-2.3844626544834475,-1.1806274239580277,-3.1222906607181105,-1.044490154577276,-1.5094540002175605,7
led,2.607127342743554,-1.707005023484333,-1.283515590217469,0.03419467985492187,-2.597674883547184,-0.43300448288946375,-3.410809596007526,-1.2304408039444727,-1.5714812334736528,9
kingdom,2.9018309013405363,-1.8772461312787023,-1.611106530708,-0.09421399857527914,-1.6020641124137922,-0.8818125102974559,-2.741771453003401,-2.0822645538387152,-0.5724141981598375,4
joyfully,3.568357696294959,-2.1809446498929863,-1.8524483573049895,0.766501426958391,-2.3241645069466403,-0.544427934845567,-3.4459386996823334,-1.5112976986395719,-0.7218050882781574,3
received,2.8044614899867444,-1.1741117340721599,-0.8107053532999006,0.6680342105831831,-2.099488496405343,-1.3379249175839814,-2.362765063210605,-1.3516561874864361,-0.9873498548418503,6
afterwards,2.7490901765149736,-2.0951038677069533,-1.7638045724187805,0.05883449852269965,-1.802902414524226,-1.204151837311557,-2.3851538916094195,-1.94099085443912,-0.5667952836038509,6
happy,2.3074653272538312,-1.665422861944701,-0.9934313617713261,0.49274067258745763,-2.265759595867058,-1.614801199608761,-2.7155739136551,-1.7584221848531272,-1.621409068163697,6
contented,3.178361223400942,-1.81659696214847,-2.1061329581439043,-0.33406266420931685,-2.3633787915082607,-0.5747379469595877,-2.7257357726893594,-1.0757773302040399,-1.1568894693593994,4
