id,bias,delta,gradient
65,0.20209376569934823,-0.24817047419406957,0
66,0.64607091045289811,0.90130794695639427,0
67,0.89959396882895093,-0.3721246064510777,0
68,0.83488341599464566,0.059798665838222353,0
69,0.20785096157707783,-0.69570513241724352,0
6A,0.028734330566941857,0.079368488434408135,0
6B,-79.085054937566639,-0.0040730944449357378,-0.040730944449357376
6C,-24.474374521552331,-0.0021172936182731429,-0.021172936182731427
6D,84.224271283494446,0.0097768194860364966,0.097768194860364963
6E,-89.890492907998663,-0.0049333852801630718,-0.049333852801630711
6F,-8.1902523338278037,-0.0024243591985473314,-0.024243591985473312
70,-23.933879279670961,-0.0010332279360363383,-0.010332279360363383
71,151.02473442819399,0.014513024006440934,0.14513024006440933
72,-71.789843927633257,-0.0096388381841881407,-0.096388381841881407
73,-110.12787468342445,-0.011696992216034116,-0.11696992216034115
74,-1.4947428471216717,0.0011294698888887316,0.011294698888887315
75,98.269892409495924,0.0084243410808850124,0.084243410808850117
76,97.284671462123057,0.010077253574570998,0.10077253574570998
77,6.711847205900396,0.0019788148817435347,0.019788148817435347
78,86.915117841705154,0.012026346101304267,0.12026346101304267
79,96.186895337052007,0.0061187097467862309,0.061187097467862307
7A,-68.45483466546591,-0.008194730249878962,-0.08194730249878962
7B,27.121060868270362,0.0058645462482324962,0.05864546248232496
7C,131.27137926003749,0.0062997102383416971,0.062997102383416964
7D,85.571257892974074,0.010159094680484497,0.10159094680484497
7E,-69.480411286923371,-0.0032763582107785461,-0.032763582107785461
7F,49.300968953467361,0.0048425997253224023,0.048425997253224023
80,52.276307653688413,0.0081043211757638508,0.081043211757638511
81,98.486675137281651,0.0075595507620204536,0.075595507620204533
82,28.646417712421677,0.0053558196935153202,0.0535581969351532
83,-38.174152914565447,0.00040883496360807924,0.004088349636080792
84,-95.489862253707571,-0.011403058647522312,-0.11403058647522311
85,-136.9897271584787,-0.013332215043476299,-0.13332215043476298
86,69.847917447849824,0.012139273801902363,0.12139273801902362
87,-115.57910296874823,-0.011573436025145616,-0.11573436025145616
88,56.085342946690581,0.0060512938461110555,0.060512938461110555
89,-94.19180060779378,-0.006793994664648426,-0.067939946646484256
8A,-79.4814083374944,-0.0023971808550409457,-0.023971808550409455
8B,45.953889840316087,0.0013427807071686147,0.013427807071686147
8C,-73.326931455500798,-0.0038432638996537278,-0.038432638996537274
8D,-114.94781048063631,-0.016067920807155384,-0.16067920807155384
8E,-87.698853493690564,-0.0085127673092793947,-0.08512767309279394
8F,142.92228126649718,0.013437523159847017,0.13437523159847017
90,-91.539459917111131,-0.011584254008305293,-0.11584254008305292
91,-92.896364562575812,-0.016596291425688008,-0.16596291425688006
92,-67.176857590018813,-1.6272912864297133E-05,-0.00016272912864297132
93,-133.4863843412646,-0.016135433065917189,-0.16135433065917187
94,88.894614022394506,0.0036972600891252596,0.036972600891252594
95,74.694191391803415,0.0067073297928323134,0.067073297928323131
96,78.376558971992495,0.0078217253733997415,0.078217253733997405
97,34.870810639760414,0.0064728451296826028,0.064728451296826028
98,106.88001604738308,0.015693894074296742,0.15693894074296741
99,-11.680235779927761,-0.00068892989809296351,-0.0068892989809296347
9A,-71.049088030807965,-0.0025956724708235883,-0.02595672470823588
9B,79.653034131323054,0.012165602497656157,0.12165602497656157
9C,-140.84873972023834,-0.015374698452494149,-0.15374698452494148
9D,-174.42842348789497,-0.019026974466978399,-0.19026974466978397
9E,55.899129350544442,0.0045066289635459751,0.04506628963545975
9F,-119.43673157473054,-0.010960382279675737,-0.10960382279675736
A0,58.069664170746137,0.0076788830802602889,0.076788830802602889
A1,-104.36707461093121,-0.0083430108336569279,-0.083430108336569275
A2,-32.218565143782151,-0.0035825333207083125,-0.035825333207083122
A3,53.729096080383854,0.004285701339372134,0.04285701339372134
A4,-107.47791188732019,-0.01346046536949745,-0.13460465369497449
A5,87.340673677467038,0.013459449393185411,0.1345944939318541
A6,-38.094843641769423,-0.0015478231829706016,-0.015478231829706016
A7,102.1890974604088,0.0071437250209751618,0.071437250209751613
A8,-52.442549986102733,-0.004297436409913113,-0.042974364099131128
A9,-53.402678076979974,-0.0053721169384759937,-0.053721169384759931
AA,82.32458626962665,0.0039460858024439717,0.039460858024439716
AB,-73.333907076299994,-0.013089243368344133,-0.13089243368344133
AC,67.018718229514604,0.0069907941249654744,0.069907941249654743
AD,-57.248126435005815,-0.010689847515020549,-0.10689847515020548
AE,-9.342000913322579,-0.00047380851424074795,-0.0047380851424074794
AF,49.999433418390161,0.006743586132886884,0.067435861328868835
B0,-80.229803021687417,-0.0039448043189368315,-0.039448043189368315
B1,74.863342611690882,0.0069077166450911033,0.069077166450911026
B2,64.966450412620233,0.0076003966155576176,0.076003966155576169
B3,16.43844527437945,0.0047258920654748562,0.047258920654748557
B4,-61.095618800203368,-0.01002371371261635,-0.10023713712616349
B5,-27.300657643509414,-0.0060700958643265419,-0.060700958643265419
B6,-60.431905630125513,-0.007248396084933305,-0.072483960849333048
B7,-69.51528139003139,-0.0059317608617737716,-0.059317608617737716
B8,85.033803167961594,0.0030548432802453068,0.030548432802453066
B9,-15.242525419637278,-0.0040893923159053738,-0.040893923159053734
BA,43.382587204937266,0.0019137655302302007,0.019137655302302006
BB,-153.26575079232759,-0.010708318327019566,-0.10708318327019566
BC,133.92353475402493,0.014021745108969322,0.14021745108969322
BD,100.48718485490627,0.0059318508154364569,0.059318508154364562
BE,-34.43436335475559,-0.0040529354671994854,-0.040529354671994852
BF,105.7590031979599,0.010868132037034337,0.10868132037034335
C0,-137.58369668060121,-0.016902538208970093,-0.16902538208970092
C1,-134.24925843075991,-0.0058991791231990829,-0.058991791231990824
C2,23.261341758553552,0.0057535444897987625,0.05753544489798762
C3,61.77538513982693,0.0079537814193681357,0.079537814193681347
C4,24.686947557365052,0.0035693655252577133,0.035693655252577131
C5,-87.499519387522,-0.010439373513530749,-0.10439373513530749
C6,62.032089667293363,0.0079208391714219676,0.079208391714219673
C7,87.974027099686921,0.013559996459738958,0.13559996459738957
C8,114.56601067669318,0.011918818218504917,0.11918818218504916
C9,-127.56741452861887,-0.013896834670017634,-0.13896834670017633
CA,-42.183837762140449,-0.0087828156561317212,-0.087828156561317205
CB,89.695901686552418,0.0033547840143498611,0.033547840143498611
CC,105.88009381945268,0.0098410690978618879,0.098410690978618875
CD,-69.943718648915024,-0.012912475386871675,-0.12912475386871675
CE,61.996679450329317,0.0034681508195090632,0.034681508195090631
CF,-2.0490840281585605,-7.1288480457450584E-05,-0.00071288480457450576
D0,0.091912392604143509,2.3174875116688064E-05,0.00023174875116688064
D1,0.55247343125908821,-2.3840321441217145E-05,-0.00023840321441217144
D2,-0.71685249357089686,-6.3151012615769627E-05,-0.00063151012615769622
D3,0.10292406324366274,-3.4187252415049559E-05,-0.00034187252415049559
D4,-1.2682799682216379,1.2813838390191743E-05,0.00012813838390191742
D5,1.6558329719468263,5.0314952435485094E-05,0.00050314952435485092
D6,-0.78819198037055127,-1.1156192490035497E-05,-0.00011156192490035496
D7,-4.9953657214634593,-6.8974866359319199E-05,-0.00068974866359319191
D8,2.0452374915872857,6.9638023555680857E-05,0.00069638023555680857
D9,0.019107640686696702,3.0148003924925157E-05,0.00030148003924925155
DA,-2.2115946267524609,-0.00011214205100112875,-0.0011214205100112875
DB,1.6748011604469,-4.02850347465002E-06,-4.0285034746500197E-05
DC,-0.23961916240576087,8.0804659217381143E-05,0.00080804659217381138
DD,0.75480232516592016,1.2015637000519526E-05,0.00012015637000519526
DE,2.244979960243803,7.9627439452672929E-05,0.00079627439452672924
DF,2.4839564633873357,4.117804682448013E-05,0.00041178046824480127
E0,-0.93925880482785484,-4.6121234930629047E-06,-4.6121234930629042E-05
E1,1.3935444899510572,-1.4630942313471468E-05,-0.00014630942313471467
E2,2.8842798546974007,0.00011090863431145852,0.0011090863431145852
E3,1.1280189386834689,4.1953262289989061E-05,0.0004195326228998906
E4,1.780542359377888,1.3884024173682996E-05,0.00013884024173682995
E5,0.23566996822635267,0.00011622423412811528,0.0011622423412811528
E6,-1.9072701726642249,-5.9784507272218245E-05,-0.00059784507272218239
E7,0.088126696714805289,-3.0889109284411749E-05,-0.00030889109284411748
E8,-2.4931980004241874,-0.00012511618594171237,-0.0012511618594171236
E9,-2.1197442734336622,-0.00013669106107832174,-0.0013669106107832174
EA,0.316049167688774,1.6269612675644162E-05,0.00016269612675644162
EB,3.6668999095809864,9.9528137511048094E-05,0.00099528137511048086
EC,-2.5405759167231734,-2.3529567479507505E-05,-0.00023529567479507504
ED,-0.26812936342471844,-3.4692852894496299E-05,-0.00034692852894496295
EE,2.9074436279901277,7.1978505761607E-05,0.00071978505761607003
EF,-1.0710737311029082,-7.8876799074616895E-05,-0.00078876799074616892
F0,0.53802624011263711,-2.1267142409868425E-05,-0.00021267142409868423
F1,0.62892789894126133,-5.6115213345254576E-05,-0.00056115213345254576
F2,-2.3702673205582463,-3.1369180247300603E-05,-0.00031369180247300602
F3,0.098986118817133123,3.1086435389576314E-05,0.00031086435389576311
F4,-1.3783323282308697,-8.7797571880381524E-05,-0.00087797571880381521
F5,-0.72708919368384417,6.1587464668462865E-05,0.00061587464668462857
F6,-2.8890080607404096,-6.92499496247811E-05,-0.00069249949624781103
F7,0.71480209495811708,-8.8940277769798518E-06,-8.8940277769798521E-05
F8,0.13753144018570979,-6.1258951396704259E-05,-0.00061258951396704262
F9,0.26118598431085599,7.806276873945012E-05,0.00078062768739450112
FA,-1.3857194488152118,-8.3493841252229629E-05,-0.00083493841252229618
FB,-0.78079585861261669,-5.077053964926814E-05,-0.00050770539649268136
FC,-1.5835366983189523,2.5285941841510669E-05,0.00025285941841510668
FD,-0.70325112865629025,-9.6969047423546026E-06,-9.6969047423546019E-05
FE,-0.30349144629792774,5.1599874268608665E-05,0.00051599874268608661
FF,0.020306426121477948,-1.5206947648724112E-05,-0.00015206947648724111
100,-2.624151964243771,-5.4379030608321876E-05,-0.00054379030608321872
101,0.89767382920939309,-4.2282544073590975E-05,-0.00042282544073590973
102,0.042872558021908036,1.6836504341305449E-05,0.0001683650434130545
103,1.1828519149220298,9.056724565519813E-05,0.00090567245655198128
104,3.5630809529162764,6.8413738368311273E-05,0.00068413738368311276
105,-5.658324825457794,-0.00011630808361813592,-0.0011630808361813591
106,-0.45069967699826841,-3.350666693121103E-05,-0.00033506666931211031
107,2.6337455369413307,5.6511607664843887E-05,0.00056511607664843885
108,3.5156947251148085,0.00014283476606380895,0.0014283476606380895
109,-2.2804504065824514,4.6551639906406091E-05,0.0004655163990640609
10A,-1.5983789131754498,-3.7494538716330609E-05,-0.00037494538716330609
10B,-1.5152032388191854,-5.3181073053284767E-05,-0.00053181073053284761
10C,-1.1397032418150026,4.0284433579857255E-05,0.00040284433579857251
10D,1.6824845265988204,3.668518382862274E-05,0.00036685183828622734
10E,0.35069973027092299,-1.8501331170770275E-05,-0.00018501331170770274
10F,-0.20524444278933701,1.9669960698213626E-05,0.00019669960698213626
110,2.5219783278377563,9.0934721655998177E-05,0.00090934721655998166
111,1.261339079051029,7.1361633531722657E-05,0.00071361633531722649
112,-1.839457395862742,-5.3241393193946437E-05,-0.00053241393193946432
113,-0.42740546656296391,-7.4608952808651247E-05,-0.00074608952808651236
114,-0.76105988797890323,-7.2330138003552457E-06,-7.2330138003552454E-05
115,-0.0088707716157207395,5.5182800761250522E-05,0.00055182800761250522
116,4.1797250862570463,0.00013650208403365337,0.0013650208403365336
117,-2.1977198177819255,-0.000118682515855494,-0.0011868251585549399
118,1.0399320704252362,6.5999561999885244E-05,0.00065999561999885241
119,-0.40752961381640196,-3.1242418493658757E-05,-0.00031242418493658759
11A,-4.1302660131798756,-6.1474028600822612E-05,-0.00061474028600822612
11B,2.252350517341088,-2.3923705390665618E-05,-0.00023923705390665616
11C,0.18145168302705508,7.4883407535189134E-06,7.4883407535189129E-05
11D,-3.5912043730822623,-7.7042367533897168E-05,-0.0007704236753389716
11E,1.3559087162241064,1.726888987378114E-05,0.00017268889873781138
11F,0.74364942725741301,6.2728674868496264E-05,0.00062728674868496256
120,1.0421986003770609,3.5678216479143205E-05,0.00035678216479143201
121,-2.9619791210458812,-5.3564131485114908E-05,-0.00053564131485114906
122,-0.41698432070825087,1.1686694274186428E-05,0.00011686694274186427
123,0.86725097355571701,-9.0913553071708818E-06,-9.0913553071708808E-05
124,-3.8687344784389945,-0.00010949760808364806,-0.0010949760808364806
125,-1.0205363272191459,3.3296912049683655E-05,0.00033296912049683654
126,3.2242530007342327,0.00011231591090128499,0.0011231591090128498
127,-0.76489030390590063,-6.0976656505027553E-06,-6.0976656505027547E-05
128,0.46573574046828503,3.155841374696543E-07,3.1558413746965426E-06
129,0.37104722572345283,-5.7660339494788469E-05,-0.00057660339494788469
12A,0.59771917629631566,3.4947623179071669E-05,0.00034947623179071671
12B,-2.5002154224086865,-7.3313163818928916E-05,-0.00073313163818928911
12C,-0.23159598357130073,9.2472149050728511E-06,9.2472149050728497E-05
12D,-0.65305526889356713,-3.9543049368952147E-05,-0.00039543049368952145
12E,-0.034282596285749464,6.7161341542234317E-05,0.00067161341542234317
12F,-1.726639384859092,-5.5229266954987524E-05,-0.0005522926695498752
130,-2.0985248761868815,-0.00010263885463610051,-0.0010263885463610051
131,2.0737697117027585,2.4624783605291789E-05,0.00024624783605291787
132,-0.69810320541942439,-4.3323826924274801E-05,-0.00043323826924274796
133,1.2674711182915357,7.4146138195936731E-06,7.4146138195936727E-05
134,1.6884120304888512,5.4491662958301433E-05,0.0005449166295830143
135,1.2708610121876864,6.05091291685928E-05,0.000605091291685928
136,-1.0873279557141726,-6.7020050220782399E-05,-0.00067020050220782397
137,1.4030398501165111,1.0419033467243389E-05,0.00010419033467243388
138,-0.22824567379848149,-6.2457166168436502E-05,-0.00062457166168436505
139,1.0368599256155973,5.5876250077860009E-05,0.00055876250077860009
13A,0.17178120790217799,3.1284898861740391E-05,0.00031284898861740388
13B,1.943734686323892,0.00012063378916790093,0.0012063378916790093
13C,4.1093718902625893,3.9047922047933191E-05,0.00039047922047933189
13D,-3.3987329393843191,-4.0527250736698006E-05,-0.00040527250736698006
13E,4.6068798970638785,0.0001038152556986665,0.001038152556986665
13F,1.545608488201913,6.761228784459247E-05,0.00067612287844592465
140,0.63685689221362785,-3.4202487604719604E-05,-0.00034202487604719601
141,-3.3108476884550755,-9.5190297032542065E-05,-0.00095190297032542062
142,-2.3579002700641398,-0.00012143409811445209,-0.0012143409811445208
143,2.1514028192723109,6.0468719294224543E-05,0.00060468719294224543
144,-0.33400964031508207,6.8310989527984591E-06,6.8310989527984591E-05
145,0.20532863937851159,-9.3827813995636752E-06,-9.3827813995636745E-05
146,-1.532635995586286,-7.1785442417727566E-05,-0.00071785442417727564
147,-0.64337527275375528,4.5988121869164609E-05,0.00045988121869164605
148,-0.14553821658469401,-7.0020532676474816E-06,-7.0020532676474812E-05
149,0.0078579242092589752,-6.4464555770417126E-05,-0.00064464555770417126
14A,-3.2889381914281333,-7.8236524734477401E-05,-0.00078236524734477393
14B,3.0958950749370997,8.4511131559846246E-05,0.00084511131559846246
14C,1.0473251243378447,0.00011449815742192162,0.0011449815742192162
14D,0.51483539736623629,-2.3561598708993244E-05,-0.00023561598708993242
14E,-0.58264973404776976,6.9835878758166384E-05,0.00069835878758166378
14F,-1.0128117078162813,-8.0340430949495998E-05,-0.0008034043094949599
150,-3.5719837624357202,-4.4374033974651616E-05,-0.00044374033974651611
151,1.4504850208917517,-2.2276786302315388E-05,-0.00022276786302315388
152,2.9855964750356714,6.0320487791260663E-05,0.00060320487791260663
153,0.34055144034692336,7.8226512938410096E-05,0.00078226512938410085
154,-0.88303574527918027,-2.2583129248140779E-05,-0.00022583129248140776
155,2.0174484211962551,0.00012270039500882564,0.0012270039500882565
156,4.1213103546510768,0.00015399504395106699,0.0015399504395106698
157,-0.67717580306873382,3.9481388980518738E-05,0.00039481388980518737
158,3.6667118938560677,6.9527649049614998E-05,0.00069527649049614998
159,-0.26503995706411165,-7.3218343035838521E-05,-0.00073218343035838518
15A,-5.6321648827717015,-9.3246368353754787E-05,-0.00093246368353754787
15B,0.038292649926930079,7.9511115702155896E-06,7.9511115702155896E-05
15C,1.8192438647624831,4.2243906763974943E-05,0.00042243906763974942
15D,3.0043454746387872,8.048143533338504E-05,0.0008048143533338504
15E,1.038416971275159,5.7014680668526649E-05,0.00057014680668526644
15F,-0.53790669143157399,-4.8445047278909799E-05,-0.00048445047278909795
160,-1.6341130127798129,-0.0001016379904243809,-0.0010163799042438089
161,0.45377865131755185,5.3589485644429115E-05,0.00053589485644429111
162,-2.300579967260147,-4.9069170285214905E-05,-0.00049069170285214901
163,-0.99981582421941539,-7.3695311580259781E-05,-0.0007369531158025977
164,1.0249655529066926,7.3970645943781046E-05,0.00073970645943781041
165,-2.7647697502891666,-5.8739619902956991E-05,-0.00058739619902956986
166,1.5938863167170287,4.5072375589980678E-05,0.00045072375589980677
167,5.8742979898549104,0.0001074510998375378,0.0010745109983753779
168,-3.2417767315728847,-7.3368621533757695E-05,-0.00073368621533757687
169,-3.6835694199776512,-6.2882177768053355E-05,-0.00062882177768053347
16A,-0.95059801968423596,5.6546530942682828E-05,0.00056546530942682826
16B,-0.97416770610202108,-8.9684384014146102E-06,-8.9684384014146102E-05
16C,3.4134699565810194,0.00010344555435015792,0.0010344555435015791
16D,-4.9586097801067694,-0.00010512314521271005,-0.0010512314521271004
16E,0.56587375632671799,4.9289651741638544E-05,0.00049289651741638539
16F,5.9315261065766318,7.5331255989339089E-05,0.00075331255989339078
170,-0.3118185192632234,4.9605150455486323E-05,0.00049605150455486323
171,-4.4110868103181646,-9.8517338513137544E-05,-0.00098517338513137535
172,1.8206989629389059,4.7242205205115181E-05,0.00047242205205115181
173,1.3964815054802411,5.9943383646866512E-05,0.00059943383646866508
174,-5.1778206278090311,-8.7123198862663301E-05,-0.00087123198862663301
175,-2.4561013686703914,-8.5754333069891484E-05,-0.00085754333069891476
176,3.1151002437054052,0.00010752940127232248,0.0010752940127232247
177,1.8376191945856604,-3.6801879607179143E-05,-0.0003680187960717914
178,-0.72784169243125973,-7.4985773255050893E-05,-0.0007498577325505089
179,-1.8226638619898459,-0.00013155849345386137,-0.0013155849345386137
17A,0.16774722541332618,8.9551176498544306E-05,0.00089551176498544303
17B,1.5564819361329558,6.7547513695785137E-05,0.00067547513695785134
17C,1.1010488259782594,6.4137808487632961E-05,0.00064137808487632955
17D,1.3792518290316078,-6.421318615399832E-05,-0.00064213186153998312
17E,2.9360913282001682,8.7530664095222346E-05,0.00087530664095222344
17F,-0.75093292361846609,4.8590486811443371E-05,0.00048590486811443369
180,1.2500511953729374,6.2052789213648895E-05,0.00062052789213648898
181,0.88233585193290309,2.6246979328577454E-05,0.00026246979328577451
182,0.5061548097555697,6.6639728735278742E-05,0.00066639728735278739
183,-0.92228918005036287,3.5201053091545304E-05,0.00035201053091545303
184,0.45536637665567731,8.9462038121733646E-06,8.9462038121733639E-05
185,2.0093848279158344,5.8797573808850064E-05,0.0005879757380885006
186,-0.34184677835498223,-4.3622158866690131E-05,-0.00043622158866690129
187,0.90280769408450956,5.7679952272951921E-05,0.00057679952272951919
188,-1.6595425017574166,2.2282607272294978E-05,0.00022282607272294976
189,1.3485180575439379,3.9812331112777676E-05,0.00039812331112777671
18A,-0.44021372539496068,6.2337076322644693E-05,0.00062337076322644693
18B,1.8905817994494143,3.4960521325180349E-05,0.00034960521325180349
18C,1.7241355028474901,6.9101847052055763E-05,0.00069101847052055758
18D,-0.69124321347479345,1.2710301648768549E-05,0.00012710301648768548
18E,3.8355186741305256,0.00012367170687639306,0.0012367170687639306
18F,-2.8410079771140477,-0.00013078599892220124,-0.0013078599892220124
190,-0.46356951563255616,-0.00010413350712917504,-0.0010413350712917503
191,-1.0479792124528642,-2.3234660906309482E-05,-0.0002323466090630948
192,-4.346892460122306,-0.00010227265788368514,-0.0010227265788368513
193,-0.089591830313383358,5.7905923218556258E-06,5.7905923218556252E-05
194,5.183786141316288,7.5742594511455318E-05,0.00075742594511455318
195,3.698031411297146,7.3452374731135988E-05,0.00073452374731135988
196,-6.3894401772790319,-0.00012583223767235989,-0.0012583223767235988
197,-1.9724968061326318,-6.188687933224734E-05,-0.00061886879332247343
198,-0.19174809386603645,-8.7927902828295915E-05,-0.00087927902828295905
199,-1.4534386969062147,4.2279908792932096E-05,0.00042279908792932096
19A,0.22521009927056995,-5.3377242831001794E-05,-0.00053377242831001794
19B,0.69476064780407731,1.6458077164829901E-06,1.6458077164829899E-05
19C,-0.91177498765216536,9.2546940525124699E-06,9.2546940525124692E-05
19D,-0.89586055621833649,-3.0720655013470354E-05,-0.00030720655013470355
19E,-2.0567919854502463,-8.0200352134768662E-05,-0.00080200352134768662
19F,0.97180034815089811,5.3298881460142124E-05,0.00053298881460142123
1A0,-3.0084706700670028,-0.00011824584746570912,-0.0011824584746570911
1A1,-1.2801366123862252,-5.5990531784254264E-05,-0.00055990531784254262
1A2,-0.99827817336868474,-9.6229187582097902E-05,-0.00096229187582097899
1A3,1.2827071648731856,8.8237310373263497E-05,0.00088237310373263488
1A4,-0.91022032479708148,-0.00010225255646226289,-0.0010225255646226289
1A5,1.7698830101001823,7.8178012447301527E-05,0.00078178012447301527
1A6,3.6731196919786973,0.00012369411024690602,0.0012369411024690602
1A7,-1.2059162875225944,-3.604177324776799E-05,-0.00036041773247767988
1A8,0.80642518962948229,7.8053454212582049E-05,0.00078053454212582041
1A9,-3.2198146470011166,-8.9977012700768249E-05,-0.00089977012700768241
1AA,2.2550819654629346,-3.8448222590337399E-05,-0.00038448222590337398
1AB,0.98564612043926836,-3.3218682457344633E-06,-3.321868245734463E-05
1AC,2.0827749160410489,5.5456999862386902E-05,0.00055456999862386902
1AD,-2.0284504084962198,-5.6270670492112754E-05,-0.00056270670492112749
1AE,2.2473571524671354,4.0828485566340218E-05,0.00040828485566340214
1AF,3.1035452137713126,8.961164196675835E-05,0.00089611641966758342
1B0,-3.7831391620342409,-9.4386685897455695E-05,-0.00094386685897455687
1B1,-1.5070073082646249,-3.1689849750022593E-05,-0.00031689849750022588
1B2,-0.58771478432204916,-4.1927529764355397E-05,-0.00041927529764355394
1B3,-1.7268459409600856,-1.2920103254470027E-05,-0.00012920103254470026
1B4,-0.62852490026223629,-7.7373716803514649E-05,-0.00077373716803514638
1B5,-2.9949584415889836,-2.2930255698959909E-05,-0.00022930255698959908
1B6,-0.92398342820295398,2.2127257845905258E-05,0.00022127257845905258
1B7,-0.18849912456572884,6.2995658423842645E-05,0.00062995658423842639
1B8,0.014404173608727247,-6.1607720354720828E-05,-0.00061607720354720831
1B9,-2.0904890986897313,-0.00013638388378777101,-0.00136383883787771
1BA,-0.01920467617417633,-9.2409227011560811E-05,-0.00092409227011560811
1BB,1.0810190746705595,-2.0141479741368175E-05,-0.00020141479741368174
1BC,0.99514541241870069,-2.0818920202540346E-05,-0.00020818920202540344
1BD,-1.6629506375382961,-9.0608374419335445E-05,-0.00090608374419335442
1BE,1.1668433462974213,9.5285611370257445E-05,0.00095285611370257435
1BF,-3.163015001304887,-1.8191493498140318E-05,-0.00018191493498140318
1C0,-0.25210637672371528,-5.9798694212286878E-05,-0.00059798694212286876
1C1,0.46343190901925174,2.6696066550149414E-05,0.00026696066550149414
1C2,3.6582715378063795,7.2922281814921487E-05,0.0007292228181492149
1C3,1.610664626569503,0.00010520155236313715,0.0010520155236313714
1C4,2.6808672780782103,2.6974273352626368E-05,0.00026974273352626366
1C5,0.759090002864792,3.769644064485839E-05,0.00037696440644858386
1C6,-0.32483804511405517,-4.288551687298716E-05,-0.00042885516872987156
1C7,2.4909547985289398,0.00014293235803985592,0.0014293235803985592
1C8,0.49781165022619905,7.305786948308788E-05,0.00073057869483087877
1C9,2.4501693427459075,5.6540400146082295E-05,0.00056540400146082293
1CA,-1.3686672860214628,-4.3503319891864869E-05,-0.00043503319891864868
1CB,-1.517052947185473,-7.3670936715312946E-05,-0.0007367093671531294
1CC,-1.0127518679058349,-4.4413577811519742E-06,-4.4413577811519737E-05
1CD,-1.1606006826265556,-7.5485501230338999E-05,-0.00075485501230338988
1CE,-1.874921487713072,-8.4118333769799163E-05,-0.00084118333769799155
1CF,-0.39494599239263961,4.0797257901534949E-05,0.00040797257901534949
1D0,1.2944419564361307,-2.8867115285683933E-05,-0.00028867115285683933
1D1,1.0674411010261278,2.5576526956721125E-05,0.00025576526956721125
1D2,-1.1318050125453585,-6.5913148338630066E-05,-0.00065913148338630058
1D3,-3.233274960850141,-0.0001001219051130024,-0.0010012190511300238
1D4,1.4164705266544591,3.8647074228621511E-05,0.00038647074228621511
1D5,0.1076424936525166,-3.0979300953197702E-05,-0.00030979300953197698
1D6,-1.9868675978472168,-2.9252184188111796E-07,-2.9252184188111794E-06
1D7,1.3271159617260739,4.9392826272950889E-05,0.00049392826272950886
1D8,-0.94067944936163184,-6.5889143209218741E-05,-0.00065889143209218732
1D9,0.30550052754718304,-1.0558273888512205E-05,-0.00010558273888512204
1DA,-1.6826864271562021,-3.5892567895649215E-05,-0.00035892567895649217
1DB,0.54520142951325123,-2.2089082186716178E-05,-0.00022089082186716176
1DC,-0.28391226798920161,-3.9819473971806023E-05,-0.00039819473971806018
1DD,-1.3592854641719041,-2.2783628672188501E-05,-0.00022783628672188498
1DE,-4.0886588757254936,-0.00015796158155046138,-0.0015796158155046136
1DF,0.95439194027570262,1.9493290345275316E-05,0.00019493290345275316
1E0,-0.8696410215945144,-6.4868702904489608E-05,-0.00064868702904489605
1E1,3.9255718948528906,0.00012272090974402731,0.001227209097440273
1E2,-1.1336568730792482,-4.8493960521821055E-05,-0.00048493960521821049
1E3,2.381085728080953,0.00012948950484165513,0.0012948950484165513
1E4,0.68709741730632068,3.787785812708817E-05,0.00037877858127088166
1E5,-1.502525485354488,4.68462405013553E-05,0.00046846240501355297
1E6,0.62643285949536331,-9.9226652913307514E-06,-9.9226652913307501E-05
1E7,-1.070082108205197,-5.0579774713327836E-05,-0.00050579774713327831
1E8,-1.1929206239559804,5.2145520998975519E-05,0.00052145520998975517
1E9,-1.8927654982393805,-4.5858932386005277E-05,-0.00045858932386005273
1EA,-0.79512219234984027,-3.7768970015564422E-05,-0.00037768970015564419
1EB,-2.3010482098264222,-9.3991278185072324E-05,-0.00093991278185072316
1EC,-1.4723460943726785,-6.5390688872644321E-05,-0.00065390688872644324
1ED,-0.57606812467515367,-4.7514720983999336E-05,-0.00047514720983999335
1EE,-0.93816732886051035,-5.6563030402958194E-05,-0.00056563030402958191
1EF,1.4831356590177853,7.3286780086796852E-05,0.00073286780086796852
1F0,-0.094084962505430497,2.1198975760657521E-05,0.0002119897576065752
1F1,-2.2796151900598174,1.002069240104833E-05,0.0001002069240104833
1F2,-0.37399306416647571,3.5612036591473697E-05,0.00035612036591473696
1F3,-0.46413726678835038,-2.9144935140692019E-05,-0.00029144935140692016
1F4,0.50913135228816475,7.1050836551420481E-05,0.00071050836551420473
1F5,0.28840194131025149,3.4007821921494178E-05,0.00034007821921494178
1F6,-1.9219531608625753,-7.3162427382000451E-05,-0.00073162427382000449
1F7,-1.341821966860886,-7.647787658585465E-05,-0.00076477876585854642
1F8,1.3633392636606769,4.210165513335125E-05,0.0004210165513335125
1F9,0.73604599393755521,3.8786398148521094E-06,3.8786398148521094E-05
1FA,0.80438390942441773,-3.4956983111142308E-05,-0.00034956983111142305
1FB,-0.10855839586651031,-1.0534143831944203E-05,-0.00010534143831944201
1FC,-0.78198876537714157,-3.0262412880716914E-06,-3.0262412880716913E-05
1FD,-0.22601971797768006,-1.6624626874284858E-06,-1.6624626874284858E-05
1FE,-0.023745006028389033,4.7107247057985884E-06,4.710724705798588E-05
1FF,-1.1065743970298507,7.5074700382039686E-06,7.5074700382039684E-05
200,0.99522671463626811,-2.7228273564001309E-06,-2.7228273564001307E-05
201,0.6074496518532233,3.1040909493516548E-06,3.1040909493516544E-05
202,-0.31791104916927243,2.9858012335518839E-06,2.9858012335518838E-05
203,1.3333454875076898,1.4015479412560072E-06,1.4015479412560071E-05
204,0.013622570012704869,-3.4632340052565139E-06,-3.4632340052565137E-05
205,1.1981390982930358,4.8213755057595604E-06,4.8213755057595597E-05
206,1.1529743749123029,-1.9099185273894718E-06,-1.9099185273894718E-05
207,-0.2579870719640403,-3.5516194359589348E-06,-3.5516194359589346E-05
208,0.2482343211519264,-1.1312387388080146E-06,-1.1312387388080145E-05
209,0.13307261232080161,8.4421959829275556E-06,8.4421959829275559E-05
20A,0.24133514341449311,5.5319668840239366E-06,5.5319668840239361E-05
20B,-0.038146341287200923,-4.8589380272867945E-06,-4.8589380272867942E-05
20C,0.7071039212771103,2.3654730787187765E-06,2.3654730787187763E-05
20D,-0.29963980939348805,1.3124887586622381E-06,1.3124887586622381E-05
20E,-0.083418168572768625,2.8289869862987951E-06,2.8289869862987948E-05
20F,0.579888073215309,2.7865805553390669E-06,2.7865805553390667E-05
210,-0.32300152275160626,8.6051608901274586E-06,8.6051608901274582E-05
211,-0.46716487625770087,-3.0245469891285924E-06,-3.0245469891285922E-05
212,0.16785811145116486,-2.2633759729663243E-06,-2.2633759729663242E-05
213,0.60779183053112473,-3.8573578685639729E-06,-3.8573578685639729E-05
214,1.7782436861577542,7.9289810265921838E-06,7.9289810265921842E-05
215,-0.12862324809846146,-4.6927200292468293E-06,-4.6927200292468286E-05
216,-1.0936944118229068,3.2107947785230369E-07,3.2107947785230366E-06
217,-0.50966075099550401,-1.0136433122160347E-05,-0.00010136433122160346
218,0.5348651073247751,-3.1671570433383796E-06,-3.1671570433383792E-05
219,-1.6597653462530941,-1.142943626244906E-06,-1.142943626244906E-05
21A,-0.046602081067920485,9.9882130808978849E-06,9.9882130808978846E-05
21B,-1.1314287133077083,-2.6954977509731735E-06,-2.6954977509731735E-05
21C,-0.032760131734945241,4.5548290006201342E-06,4.5548290006201343E-05
21D,-0.090321349270275783,4.1460897713361114E-06,4.1460897713361112E-05
21E,-0.21576962470207603,8.9034470922053207E-07,8.9034470922053203E-06
21F,-0.79410497461393637,-2.1559817011816515E-06,-2.1559817011816512E-05
220,-1.4766646368725969,-8.6895749547379666E-06,-8.6895749547379663E-05
221,0.073840314486264005,1.0605947665682639E-06,1.0605947665682639E-05
222,-0.39414353550738607,-3.2347613567465671E-06,-3.2347613567465668E-05
223,0.62566740916995067,1.8016100114817498E-06,1.8016100114817496E-05
224,1.6656612141959335,2.7331658626148553E-06,2.733165862614855E-05
225,0.18860562515138815,-1.973407606857575E-06,-1.9734076068575749E-05
226,-0.90452814398693004,7.073050687205803E-07,7.0730506872058024E-06
227,0.82969403048125701,-5.4886030916009103E-06,-5.4886030916009101E-05
228,-1.0751775295205166,1.2568645146534838E-06,1.2568645146534838E-05
229,-1.0577738410143882,-2.9075074733066535E-06,-2.9075074733066532E-05
22A,-0.76213391488067239,-2.6438934747980859E-06,-2.6438934747980858E-05
22B,-0.36168284477529816,-4.0743876866963765E-07,-4.0743876866963762E-06
22C,-1.0469893415855593,-5.885847065753875E-06,-5.8858470657538745E-05
22D,-0.67707724679337056,-8.5097962342176679E-06,-8.5097962342176679E-05
22E,0.48066566048493481,2.549918872197253E-06,2.5499188721972529E-05
22F,-0.86246798797386348,1.2595671806805348E-06,1.2595671806805346E-05
230,0.053879494929265415,-6.9559262937280004E-06,-6.9559262937279997E-05
231,0.23877705695010026,-6.7773657586255518E-06,-6.7773657586255511E-05
232,1.1617989243494926,-1.8162499299406892E-06,-1.816249929940689E-05
233,0.14805480962644657,-2.0787116915610461E-06,-2.0787116915610459E-05
234,-0.011783944780241414,-9.1447227306037214E-08,-9.1447227306037206E-07
235,-0.61313607746981269,7.6749447252821123E-06,7.6749447252821116E-05
236,0.3360631074926082,-1.6335222746924607E-06,-1.6335222746924606E-05
237,-0.68635490238000296,-8.847209091707346E-06,-8.847209091707346E-05
238,0.16413531521484126,3.0165720070061353E-06,3.0165720070061351E-05
239,1.2062107707050735,-8.430036214434096E-07,-8.430036214434096E-06
23A,0.34338588263859382,-6.3148603081397756E-06,-6.3148603081397754E-05
23B,0.60184780173916397,5.0862849311000011E-06,5.0862849311000009E-05
23C,1.098228615818613,1.4232937705505929E-06,1.4232937705505927E-05
23D,-1.11302301506081,7.552937835151249E-06,7.5529378351512488E-05
23E,0.32404069153046705,-4.5602434814884166E-06,-4.5602434814884166E-05
23F,-1.0988792368296605,-1.3363921995644871E-06,-1.3363921995644869E-05
240,0.20746617366300285,3.1628971120112545E-06,3.1628971120112544E-05
241,-0.35541454225224328,1.5910782039065638E-06,1.5910782039065638E-05
242,0.53918056513098567,4.3398544663841637E-06,4.3398544663841637E-05
243,0.34848102889424198,-3.101556240409469E-06,-3.101556240409469E-05
244,0.62622927515887272,-2.343184229829134E-06,-2.3431842298291339E-05
245,-0.55325975950798201,-3.4911176501328493E-06,-3.4911176501328491E-05
246,-1.2182646394134733,4.8559020356842114E-06,4.8559020356842108E-05
247,1.725956284174788,-3.4532027633682101E-06,-3.45320276336821E-05
248,1.3971349442365415,-4.2437778585659479E-07,-4.2437778585659475E-06
249,0.16507301915110631,-5.8890290361626965E-07,-5.8890290361626961E-06
24A,-1.0677727601123115,-2.763488267693428E-06,-2.7634882676934277E-05
24B,-1.2630703593096488,-5.2116747193773302E-06,-5.2116747193773299E-05
24C,-1.0161684564026805,2.0334497658433766E-07,2.0334497658433766E-06
24D,-1.2368211167491987,4.2408008810285071E-06,4.2408008810285066E-05
24E,0.15664343853529084,2.6952231771684424E-06,2.6952231771684424E-05
24F,0.55287425363500176,-5.0909594682175367E-06,-5.090959468217536E-05
250,1.4760850868720909,3.0395820633942633E-06,3.0395820633942632E-05
251,0.61013695031131532,2.3063651241065442E-06,2.3063651241065441E-05
252,-0.63579500790896637,4.723487781063205E-06,4.7234877810632046E-05
253,1.7085196260778746,-5.2298729513988864E-07,-5.2298729513988859E-06
254,0.12634788567693972,-1.1567793398215739E-05,-0.00011567793398215739
255,0.69405683804695018,-4.6469349873527353E-06,-4.6469349873527352E-05
256,1.0029547563841439,-1.027646836131755E-05,-0.00010276468361317549
257,0.78998519501311226,5.414071322341563E-06,5.4140713223415623E-05
258,0.49604919430393152,-7.3396967110614309E-06,-7.3396967110614302E-05
259,1.4240027926399348,4.6091099114161046E-06,4.6091099114161041E-05
25A,0.80377038069516893,-6.6034197205862289E-07,-6.6034197205862287E-06
25B,0.8451865995608443,-7.7979317180375578E-06,-7.7979317180375572E-05
25C,-0.48997743274155803,-4.7435336938527882E-06,-4.7435336938527882E-05
25D,0.83113453471014054,-9.0155460493924405E-06,-9.0155460493924398E-05
25E,1.0746717099084386,-4.8598741926844062E-06,-4.8598741926844056E-05
25F,0.51052867934966384,2.0228099911020805E-06,2.0228099911020805E-05
260,-0.33963316253640324,-1.2060066927562809E-05,-0.00012060066927562809
261,1.6383580569626519,6.7803846002522951E-06,6.7803846002522947E-05
262,-1.5829329123658433,-3.7661875446744239E-06,-3.7661875446744236E-05
263,-0.63242610721404002,5.905464507943251E-07,5.9054645079432505E-06
264,0.42471398352859779,-4.9090528853780293E-06,-4.9090528853780287E-05
265,0.18466320758520041,8.8152248657960388E-07,8.8152248657960388E-06
266,0.11473895732668919,7.3771858613639621E-06,7.3771858613639615E-05
267,0.75811664524898015,-1.0954247825254498E-05,-0.00010954247825254498
268,-0.042867875813572119,-3.4785643022884041E-06,-3.4785643022884037E-05
269,-0.1591743809368231,8.2479964910845804E-07,8.2479964910845802E-06
26A,0.054677846616541743,-2.9712366661903658E-06,-2.9712366661903655E-05
26B,-0.28745455166059897,5.6042641563560004E-07,5.6042641563560002E-06
26C,-0.3224852198573494,-6.4451152422515463E-06,-6.4451152422515456E-05
26D,0.35839010128978682,5.0746017413154833E-06,5.0746017413154826E-05
26E,-1.1830523670184814,-5.3113955371710887E-06,-5.3113955371710885E-05
26F,-0.48821157511556423,2.6394037421309296E-06,2.6394037421309295E-05
270,-0.10054399566455313,9.5589072534412297E-06,9.5589072534412283E-05
271,0.66113756026852,6.8530755992294559E-06,6.8530755992294559E-05
272,0.3094210334720725,-8.6646192127679106E-06,-8.6646192127679106E-05
273,-1.8496669805660872,4.1132403585785438E-06,4.1132403585785436E-05
274,-0.078964597659604549,1.6897287139191726E-06,1.6897287139191724E-05
275,1.1336066202769683,6.8667862412099215E-06,6.8667862412099211E-05
276,-0.025648441793121521,1.7690643589822713E-06,1.7690643589822713E-05
277,0.90135000872279203,-1.6991264250138683E-06,-1.6991264250138681E-05
278,-0.51539504165477379,1.1106388565202296E-06,1.1106388565202295E-05
279,0.66724363795802999,4.308060469111339E-06,4.3080604691113392E-05
27A,1.0824881563536326,-1.7762903866169372E-06,-1.776290386616937E-05
27B,-0.4117487521415974,-6.5843210365464742E-07,-6.5843210365464738E-06
27C,-0.29478686778132795,-1.7552917871389684E-06,-1.7552917871389684E-05
27D,0.7275022876070727,-5.7090775294757212E-07,-5.709077529475721E-06
27E,0.55211392750706367,1.3821220273904771E-06,1.382122027390477E-05
27F,0.30240072001288043,-2.6706241441729741E-06,-2.6706241441729739E-05
280,0.75866587110904915,5.3764749298711167E-06,5.3764749298711167E-05
281,0.061240958219416573,6.43297412021005E-06,6.4329741202100496E-05
282,0.48417981851609049,4.4487258576801238E-06,4.4487258576801236E-05
283,0.37375961962056814,7.352659295315686E-07,7.3526592953156851E-06
284,-0.24744019733217437,-6.3943094355289979E-06,-6.3943094355289973E-05
285,-1.5747946120568335,-2.5823432226616773E-06,-2.5823432226616772E-05
286,0.72145641640756164,7.2885437217096225E-06,7.2885437217096218E-05
287,-0.23944392854521718,-4.2283818914398749E-06,-4.2283818914398751E-05
288,-0.41338882921975578,3.2031942783769977E-06,3.2031942783769976E-05
289,-0.21522969433935779,-4.1792301499533395E-06,-4.1792301499533397E-05
28A,-0.17148495097179225,1.2539238496684324E-06,1.2539238496684324E-05
28B,0.0953503870081744,-4.3049266918674943E-06,-4.3049266918674941E-05
28C,0.39739288322487171,-3.7587559091055644E-06,-3.7587559091055642E-05
28D,-0.97460710931294925,-3.0473787775710842E-06,-3.0473787775710842E-05
28E,-0.79891314984962292,1.2116072100514764E-06,1.2116072100514763E-05
28F,-0.01265483178167136,5.4459004369371455E-06,5.445900436937145E-05
290,-0.27442034465344717,1.0005274398746006E-06,1.0005274398746006E-05
291,-1.183735722317051,2.4307988254226787E-06,2.4307988254226784E-05
292,-0.40839286163637284,-9.128926835098968E-07,-9.1289268350989673E-06
293,0.14175967409184975,1.2456721996172577E-06,1.2456721996172577E-05
294,1.8866353396915743,3.4848326100753622E-06,3.4848326100753621E-05
295,-0.20594323268839185,-6.5058587001192296E-06,-6.5058587001192296E-05
296,-1.2441922413281026,-4.1940177248601403E-06,-4.1940177248601398E-05
297,1.078047555102676,-4.0587541721285967E-06,-4.0587541721285969E-05
298,0.88098529332225362,6.2571811753566136E-06,6.2571811753566134E-05
299,-0.59426826482226358,5.9225280526867533E-06,5.9225280526867533E-05
29A,-1.2903910927030238,-9.0699589592909536E-06,-9.0699589592909536E-05
29B,0.47929001547983346,2.4715986891666423E-06,2.471598689166642E-05
29C,0.030553463961637724,-1.0247144605381928E-05,-0.00010247144605381926
29D,-0.092509731459766389,-1.5854577869334882E-06,-1.585457786933488E-05
29E,-0.022371555124772572,-2.1984694431227647E-06,-2.1984694431227645E-05
29F,-0.68786546083906663,8.1513574359096154E-07,8.1513574359096146E-06
2A0,0.2279259991555152,-8.0330131267720989E-06,-8.0330131267720989E-05
2A1,-0.25602334511629893,3.4122372909979269E-06,3.4122372909979266E-05
2A2,1.4923732862186549,6.7137359879237284E-06,6.7137359879237282E-05
2A3,0.97121439641273932,4.8289396171612059E-07,4.8289396171612053E-06
2A4,-0.90538494469509201,-6.334600223805862E-06,-6.3346002238058615E-05
2A5,0.27375909421042405,8.8865761126563679E-06,8.8865761126563682E-05
2A6,1.2664397582801268,-5.609314433843328E-06,-5.6093144338433275E-05
2A7,0.38828487165984249,4.0222871843973818E-06,4.0222871843973815E-05
2A8,-1.0579267259686269,-6.9947166340365191E-06,-6.9947166340365188E-05
2A9,-0.50256963113124542,-3.6163706017807943E-06,-3.6163706017807943E-05
2AA,0.38701005334729832,1.9639236950655456E-06,1.9639236950655456E-05
2AB,-0.017002473978426191,-1.6257572019508021E-06,-1.6257572019508021E-05
2AC,-0.42829439007489806,8.2031130195452124E-06,8.2031130195452117E-05
2AD,-1.4428774175198831,-4.7077476059900888E-06,-4.7077476059900881E-05
2AE,-0.94165558767898661,4.1743312952576493E-06,4.1743312952576488E-05
2AF,0.13035398850799876,7.1006579296355295E-06,7.1006579296355288E-05
2B0,0.23229064968663954,-5.9636893720847687E-06,-5.9636893720847683E-05
2B1,0.12953153299159553,5.8110614142386017E-06,5.8110614142386012E-05
2B2,-0.11341784950616497,4.1452033247966026E-06,4.1452033247966028E-05
2B3,1.4390501327463663,-6.0085567829245802E-07,-6.0085567829245802E-06
2B4,1.3193640430476696,7.5641732516111184E-07,7.5641732516111182E-06
2B5,-0.36180987591304098,2.9020523442250112E-07,2.902052344225011E-06
2B6,-0.7980756714016306,2.7829795196898587E-07,2.7829795196898586E-06
2B7,0.33364932290820321,9.7204726611258574E-06,9.7204726611258574E-05
2B8,-0.99898811677567434,3.8172357000812245E-06,3.8172357000812247E-05
2B9,-1.1779873525052951,-1.2699306779449513E-06,-1.2699306779449512E-05
2BA,1.1412495152907305,-2.2624485762160501E-07,-2.2624485762160499E-06
2BB,0.55520350214771508,-2.0586447643961165E-06,-2.0586447643961164E-05
2BC,0.75036213081289882,1.48312978562062E-06,1.4831297856206199E-05
2BD,0.74868725757269217,2.8190241685542747E-06,2.8190241685542743E-05
2BE,-0.30726583626514919,7.5128481001979938E-06,7.5128481001979935E-05
2BF,0.35440686961486995,2.7245045546208965E-06,2.7245045546208963E-05
2C0,-0.28790794867921471,-6.3384334799141334E-06,-6.3384334799141334E-05
2C1,0.35593551351220459,6.8504241967228882E-06,6.850424196722888E-05
2C2,-0.9812715988007612,3.677181287785544E-06,3.6771812877855438E-05
2C3,0.89128589589303364,-4.2388573544641972E-06,-4.238857354464197E-05
2C4,-1.8729019253848818,-1.0112427579986372E-05,-0.0001011242757998637
2C5,-1.1373803103092455,3.7867636455654928E-06,3.7867636455654925E-05
2C6,-1.3646520232266341,-3.9632484065456214E-06,-3.9632484065456212E-05
2C7,-0.7133292765555127,-1.7005523251710795E-06,-1.7005523251710793E-05
2C8,1.4551808196124636,8.7859295399453749E-06,8.7859295399453745E-05
2C9,-1.5781996982894231,-6.0224838197032095E-06,-6.0224838197032092E-05
2CA,-0.2584101588421765,-6.7280588311418575E-07,-6.7280588311418571E-06
2CB,-0.81531886636154027,1.2420742444122945E-05,0.00012420742444122944
2CC,-0.71618194458754458,-4.7346746489567645E-06,-4.734674648956764E-05
2CD,-1.4284850011958772,2.7005794387020351E-06,2.700579438702035E-05
2CE,0.39404062073219409,-3.0956154162248827E-06,-3.0956154162248823E-05
2CF,0.37783959446080495,1.0970369484718069E-06,1.097036948471807E-05
2D0,1.0970789361430835,-1.2409210054426461E-07,-1.240921005442646E-06
2D1,0.44769089134015411,-2.7239097364577976E-06,-2.7239097364577973E-05
2D2,-0.99640335976214056,8.9731727299174684E-06,8.9731727299174674E-05
2D3,0.041938802452731044,-4.6177871218499572E-06,-4.6177871218499567E-05
2D4,1.8043169621765136,6.3484977179038455E-06,6.3484977179038455E-05
2D5,0.0060586965628724575,-1.9359685786059855E-06,-1.9359685786059856E-05
2D6,0.106312522422974,-5.7828425660382803E-06,-5.7828425660382798E-05
2D7,0.57636445310836482,6.7598158352480816E-06,6.7598158352480812E-05
2D8,0.16845905998284771,1.8611832736364841E-06,1.8611832736364841E-05
2D9,-0.8947208889718572,6.6707224413454615E-06,6.6707224413454613E-05
2DA,-0.73837884913015228,8.9947983990908422E-06,8.9947983990908419E-05
2DB,0.40841145849011212,2.8706530907543305E-06,2.8706530907543303E-05
2DC,-0.18726734240653925,2.7356886587056802E-06,2.7356886587056798E-05
2DD,-0.34149321865981902,2.3003404596371108E-06,2.3003404596371105E-05
2DE,-0.64980364900174215,-3.2861343709504003E-06,-3.2861343709504003E-05
2DF,1.2924812672330672,6.9453142736481096E-06,6.9453142736481096E-05
2E0,0.0091239803761954657,3.9563790222439856E-06,3.9563790222439852E-05
2E1,0.313731781262783,1.2467712349924767E-06,1.2467712349924766E-05
2E2,-0.45652825055291801,4.1330126917140543E-06,4.133012691714054E-05
2E3,0.15408957927471714,-2.5819776383481509E-06,-2.5819776383481506E-05
2E4,0.88199609398454082,7.7660683424570545E-06,7.7660683424570542E-05
2E5,-0.66624849660334629,1.5189545247121539E-06,1.5189545247121538E-05
2E6,0.19835178846702031,2.3829725806422025E-06,2.3829725806422025E-05
2E7,-0.5240331971586335,-3.380653580325554E-06,-3.3806535803255538E-05
2E8,0.9683735390704209,9.9520921341030225E-06,9.9520921341030225E-05
2E9,-0.33154535256628265,-2.312024996703275E-06,-2.3120249967032749E-05
2EA,0.15247224871345319,2.6036881386025069E-06,2.6036881386025067E-05
2EB,-0.38588046102804963,2.6255839409453664E-06,2.6255839409453664E-05
2EC,-0.22784059177389884,8.2565211466503101E-07,8.2565211466503094E-06
2ED,1.3691745544107694,3.6381519193492553E-06,3.638151919349255E-05
2EE,-0.48054447037003034,2.2540052432943741E-07,2.254005243294374E-06
2EF,0.52906164800798472,4.6721129471501351E-06,4.6721129471501346E-05
2F0,-0.030812659655190203,-4.9570042398607447E-06,-4.957004239860744E-05
2F1,0.56847857108647293,8.3624429829394392E-06,8.3624429829394392E-05
2F2,0.35098442986958894,6.9380431999915622E-06,6.938043199991562E-05
2F3,-0.17003825787492358,-5.9999681369976394E-06,-5.9999681369976391E-05
2F4,0.4645857279328845,6.026116924819029E-06,6.0261169248190283E-05
2F5,-0.55770888516310724,1.6347442437218111E-06,1.6347442437218109E-05
2F6,-0.96812769244834063,3.9474720851806943E-06,3.9474720851806945E-05
2F7,0.29989969405761735,-5.5422268797025612E-06,-5.5422268797025612E-05
2F8,-0.51602829871469658,5.7421758890398586E-07,5.7421758890398579E-06
2F9,-1.4766463416331264,8.3435014295757836E-08,8.3435014295757836E-07
2FA,-0.022389275864146629,1.8119430400368758E-06,1.8119430400368757E-05
2FB,-0.51543302407162817,-2.2876187516563178E-06,-2.2876187516563179E-05
2FC,0.009617440508076525,-3.1227260575691495E-06,-3.1227260575691495E-05
2FD,-1.1262568198613221,3.5179323266598344E-06,3.5179323266598341E-05
2FE,0.62039169817688089,3.9462594755740582E-06,3.9462594755740577E-05
2FF,-1.3058138747643511,-4.9877673877431404E-06,-4.9877673877431399E-05
300,0.30891478100516712,5.9279263904867374E-07,5.9279263904867372E-06
301,0.61487833254966806,6.325523877270848E-06,6.3255238772708477E-05
302,-0.5426774763995037,2.8926511555168275E-06,2.8926511555168272E-05
303,0.65388799695544353,-3.1114968332612813E-06,-3.1114968332612812E-05
304,-0.030309048962416547,9.7439936277355343E-07,9.7439936277355338E-06
305,-0.24071263019906367,4.6311708138075533E-06,4.6311708138075533E-05
306,-1.4149995139308726,1.0224945408137768E-06,1.0224945408137768E-05
307,0.12132074945329044,3.5646121519894995E-06,3.5646121519894994E-05
308,-0.24542724761928147,3.1100977218998003E-06,3.1100977218998E-05
309,1.0176071645838483,6.0196806986603583E-07,6.0196806986603581E-06
30A,-0.0092956283894333937,-6.8117188694788837E-06,-6.8117188694788837E-05
30B,0.478502678616199,-1.4089099132042222E-06,-1.4089099132042222E-05
30C,-0.063605227161991823,5.993982224155791E-06,5.9939822241557905E-05
30D,0.31649812851581394,-3.4631377764496582E-06,-3.4631377764496579E-05
30E,0.99752204162005598,5.0815944386229666E-06,5.0815944386229666E-05
30F,0.45208584017485259,-2.1133658220746468E-06,-2.1133658220746465E-05
310,0.084541568919389576,-1.155812063637845E-05,-0.00011558120636378449
311,0.077853425881670379,-3.9571314884307684E-06,-3.9571314884307686E-05
312,0.38732701322020741,-1.6416796588743205E-06,-1.6416796588743204E-05
313,1.03334075609347,1.0694621644196824E-06,1.0694621644196824E-05
314,1.0968550796141747,-2.1000648109213491E-06,-2.1000648109213492E-05
315,-0.45930603207953036,3.6690840942692039E-06,3.6690840942692038E-05
316,0.59508799887426822,3.0871767415570225E-06,3.0871767415570222E-05
317,1.5925819248606132,3.727229985580536E-06,3.7272299855805359E-05
318,-0.048169270384011677,-2.9873510474131796E-07,-2.9873510474131792E-06
319,0.56385656496548608,3.3509803195246164E-07,3.3509803195246163E-06
31A,0.45878286134727148,-2.5388802307000181E-06,-2.5388802307000179E-05
31B,-0.55926130239861449,-6.5087205262752672E-07,-6.5087205262752672E-06
31C,-1.1757786160860983,1.1734225083251516E-06,1.1734225083251514E-05
31D,-0.4167022351684308,6.3261612565729608E-06,6.3261612565729603E-05
31E,1.2333034406410861,3.1265130179773999E-06,3.1265130179773997E-05
31F,0.19780351952366917,3.9128265310776677E-07,3.9128265310776677E-06
320,0.56612151079349082,4.7867996244267064E-06,4.7867996244267062E-05
321,-0.76215192851151603,-2.9404450664713142E-06,-2.940445066471314E-05
322,-1.2121251733915361,-7.4492649340054613E-08,-7.4492649340054613E-07
323,1.1537249276644439,1.2251676357654994E-06,1.2251676357654994E-05
324,-1.2816678339840137,2.9668454906675045E-06,2.9668454906675044E-05
325,-1.609806906881462,3.8265023446761285E-06,3.8265023446761284E-05
326,-0.42018791019239587,-1.9263045712155485E-06,-1.9263045712155485E-05
327,-0.75702796651601045,-1.2545153813888557E-06,-1.2545153813888556E-05
328,0.043826014083550587,2.8138095291819044E-06,2.8138095291819043E-05
329,1.3011553600199504,-1.1385971753929602E-06,-1.1385971753929601E-05
32A,-0.35368857973777773,1.493808206117721E-06,1.4938082061177208E-05
32B,-0.24051569178714308,7.4277126780117243E-07,7.4277126780117234E-06
32C,0.16545347189084034,-4.8064429902036366E-06,-4.8064429902036366E-05
32D,-0.3033110357078958,2.5591779188926606E-06,2.5591779188926606E-05
32E,1.1040238105983573,6.4277986879034501E-06,6.4277986879034501E-05
32F,-0.40040569403212622,-4.1260446574451587E-06,-4.1260446574451587E-05
330,1.2972388347506374,9.0278457345456776E-07,9.0278457345456776E-06
331,-1.2088664604479573,-3.5350141942730365E-06,-3.5350141942730361E-05
332,0.85138410067334558,-9.0864787231543685E-07,-9.0864787231543685E-06
333,0.2355584524457808,3.6545836680357284E-06,3.6545836680357284E-05
334,0.6319171520461111,7.6969411056295214E-08,7.6969411056295211E-07
335,1.1494651297410055,-2.3672454609483801E-06,-2.3672454609483799E-05
336,-0.36414472740153531,1.6976522564874508E-06,1.6976522564874508E-05
337,0.58234408932347193,-3.3599512385677496E-06,-3.3599512385677494E-05
338,0.16817293997172858,2.7375196851811501E-06,2.7375196851811498E-05
339,-0.00055822632398363646,2.6748527464717223E-06,2.674852746471722E-05
33A,-1.1838918729787078,2.9443260878681433E-06,2.9443260878681432E-05
33B,0.33475963568301431,3.0945498998845273E-06,3.0945498998845272E-05
33C,-1.0194095274821409,-1.8307483959035692E-10,-1.830748395903569E-09
33D,1.3683045915863965,-1.5028023531772632E-06,-1.5028023531772631E-05
33E,1.4795518814823856,-7.4764952911192151E-06,-7.4764952911192151E-05
33F,-0.16015127679239788,-3.9818042354654623E-06,-3.9818042354654625E-05
