X,Y,Z
88,110,13.120305359847322
88,111,12.730903287546058
88,112,12.980632178263866
88,113,13.003827687595548
76,67,13.476408204506168
76,68,13.437747623806606
76,69,13.785262256031578
76,70,13.415116239672843
76,71,12.58540483113661
76,72,13.391209157243521
187,125,13.804217771954338
184,122,13.454997154413906
184,123,13.16155438707891
184,124,13.276288781296474
184,125,14.307774555673719
184,126,12.070077176077131
94,70,13.661342632106905
94,71,13.299346390753612
94,73,12.52552041024341
94,78,12.896881155324527
94,79,12.777461099738938
94,80,12.77314422480748
94,81,13.462235906164414
94,82,13.070994900618798
94,83,12.66236314514608
94,84,12.88372085780053
94,85,12.716213347993016
55,101,12.114198156325934
55,103,12.23825557303255
94,88,12.570321202068918
55,104,12.55679708271292
94,89,12.030128547990035
55,105,12.729426051766586
94,90,12.709556786224134
55,106,12.317538277808831
94,91,12.974924499650061
55,107,12.468937055630114
94,92,12.012691222482243
55,108,12.901923799769374
94,93,12.895904802152263
55,109,12.295855625845533
94,94,11.859049535588982
55,110,11.609565610336592
94,95,13.159412559459053
70,68,13.132126189045236
70,69,12.679259238493234
70,70,13.347940619430453
70,71,12.083015900831764
70,102,11.762765423219516
46,105,11.823192947750936
85,109,13.023269235282461
85,112,13.256315466170806
85,113,13.129736342091137
85,114,13.047752555851092
85,115,13.405620567017998
85,116,13.297363642502562
181,94,12.887384017206042
181,95,12.937430978191717
181,96,13.263260205192555
181,97,13.354171858820253
181,98,13.429460577300773
181,99,13.533292311914511
94,102,13.20874559538288
169,100,12.65199363393016
94,104,12.409538570222232
169,101,12.319875992255799
94,105,12.693951534321034
169,102,12.909816756571376
94,106,12.177989860076895
169,103,11.490767884985784
94,107,12.936702778343433
169,104,11.954780947371404
94,108,12.71494933935244
169,105,12.30209032694655
94,109,12.390719087417589
169,106,12.176927265098023
169,107,13.329760318946294
169,108,13.348394927345625
169,109,11.88720798454971
169,110,11.84695977879956
169,111,12.297283242937258
169,112,13.027055694162135
169,113,13.572296818661897
169,114,12.661198792042239
169,115,13.737745418476027
169,116,13.87477432475095
169,117,13.300351690709565
169,118,13.270762145548568
169,119,13.084231408490117
169,120,12.64702121639313
169,121,13.986966313771454
49,107,12.262051108314884
49,108,12.50507541040349
163,108,13.259339886202717
163,109,13.212763463739226
163,110,13.597105597294602
163,111,13.409583142172197
163,112,14.01191559217538
163,113,14.02701878970921
163,114,12.260502024732121
163,115,12.042777671705338
163,116,13.983324804134881
52,98,12.857443275656546
52,99,12.999236739586893
52,100,13.064422103899084
52,101,13.456607783278523
52,102,12.402385589663655
52,103,13.064774734583276
52,104,13.918812252376947
52,105,13.132860821333482
52,106,12.952181962328861
52,107,11.845340668996764
52,108,12.42486291360018
52,109,12.252895093540092
52,110,12.44245303992881
52,111,12.158149552285547
52,112,12.75744905187577
88,69,13.13192528413979
88,70,13.059430587873829
88,71,12.320530541655058
88,72,13.330939543114736
55,99,12.700915552813479
88,73,12.518927430508796
55,100,13.231574368799553
88,74,12.530022441477316
88,75,12.576928386660121
88,76,12.656104869568049
88,77,12.905659591586604
103,102,13.300901288763534
136,71,13.648643870624833
136,72,12.722953429995407
136,73,13.492565044530378
136,74,11.697792671440236
136,75,13.101377811021269
136,76,13.771840587316632
136,77,13.660462942652364
136,78,13.051638015246754
136,79,14.052602257647678
136,82,12.12463387355328
136,83,12.773967013723373
136,84,13.385735474421153
136,85,12.621474179508555
136,86,12.12528720748289
136,87,13.016147589336505
136,88,13.046641764500833
136,89,12.747270694915308
136,90,13.262386638251515
130,64,12.729525947262239
136,91,13.215381096071662
130,65,12.884248772776228
136,92,12.001175940732816
130,66,13.297962109711944
136,93,13.117834608774233
130,67,12.020207287510406
130,68,12.536415042928335
130,69,12.520082903137268
130,70,11.570925347203046
49,100,12.33990656501113
130,71,12.90621093271876
49,101,13.312068528270386
130,72,12.86001712539363
49,102,13.603939795352067
49,103,12.815647602259574
49,104,12.623326419616227
49,105,11.238303104576973
49,106,12.596801523341052
73,103,13.491855092346814
73,104,13.238380620183795
154,111,13.243705669746529
154,112,13.571903448292131
154,113,13.285746159480428
154,114,12.51695960470284
154,115,11.605280197533332
91,80,11.445318449311062
91,109,12.250848207727012
139,74,13.045684287958958
139,75,11.766432098005415
139,76,11.658975657669153
139,77,12.213325067472741
139,78,12.589221152891339
139,79,11.564999679648531
139,80,12.098672299146275
139,81,13.756392531717825
139,82,12.850798022082508
139,83,12.330077660941123
139,84,13.833373342310711
139,85,13.366288303473949
139,86,13.002134076041115
139,87,13.25159465923126
139,88,13.339156099479519
139,89,12.819209665543614
139,90,13.173600278855087
139,91,13.739337533471847
139,92,13.08681661603846
139,93,12.760819315047094
139,94,11.960270109180934
139,95,13.098043417914262
139,96,13.468900938590847
139,97,13.205769178113135
139,98,13.169733686822084
124,60,13.221069284288705
124,61,13.218271096347882
124,62,13.245124938089871
124,63,13.407438504359199
124,64,12.546198045506607
124,65,13.047457030239938
124,66,11.867159114922275
124,67,11.540260172575172
124,68,11.92319300399377
124,69,13.183563226194876
124,70,13.025509863212172
133,92,13.927396513204704
145,110,13.030738984893773
145,111,12.763763172700799
145,112,12.220743332683627
145,113,11.615146986872386
145,114,13.676193179796726
145,115,12.135297220569553
145,116,12.988302797840339
145,117,13.330725934222764
145,118,13.860143812268408
145,119,12.926182476993247
82,71,12.574338770774586
82,72,11.240736094613467
82,73,11.786988926953187
82,74,11.897387315808187
82,75,12.911445981026567
82,76,12.727527920610031
82,77,12.358270074727299
136,69,13.571078825278832
79,70,12.3970655663609
136,70,14.006244767295492
79,71,12.926302897952034
70,103,12.173370115683031
70,104,13.612950524406779
175,119,13.244797064784079
115,128,13.443312182101334
175,120,13.726769909507782
175,121,13.750848021682716
130,88,13.580037077392895
175,122,13.065741269573653
130,89,13.283243743628034
157,112,14.046254648887386
130,90,12.491286558346518
157,113,13.10177891722644
130,91,12.527878716361524
157,114,11.717996481214945
130,92,12.531807431825731
157,115,11.66407428388088
130,93,11.715968493164183
157,116,12.216410267680688
79,72,12.293781899105795
118,61,13.24947967141416
79,73,12.66628920755369
79,74,12.377430137474873
118,63,13.631674027868357
73,67,12.921405141635546
79,75,13.327171746335422
118,64,13.864682071784138
73,68,13.18716828423785
79,76,12.694479177724004
118,65,12.06502725187387
73,69,13.065927228843112
79,77,11.956438885139992
118,66,11.925553580723191
73,70,13.355224000031544
118,67,12.115957168666439
73,71,12.438333553500753
118,68,13.046104965688347
118,69,12.408794819598086
118,70,12.87501443191059
172,118,13.289807636240132
172,119,13.350347957339906
172,120,13.34923731015941
172,121,12.994958962538972
175,94,12.471739885688562
175,95,12.717143363632482
175,96,13.276757175145688
175,97,12.45984365024545
175,98,12.636186329411121
175,99,12.684814578771922
175,100,12.72020128429102
175,101,13.17581221086342
175,102,12.893944364253024
175,103,12.509771313093651
175,104,13.28637615499919
97,98,12.917944554432967
97,99,12.835555088070894
97,100,12.277488949859702
97,101,12.450185212007456
97,102,13.374233550147974
97,103,12.895239077491114
97,104,12.984758422573174
97,105,12.071195927934097
97,106,12.553388618788645
97,107,12.706633371967374
97,108,12.724966465817916
166,105,12.816760042803967
166,106,13.518495484463605
166,107,13.495623089324322
166,108,13.3538142563831
166,109,14.08354640569762
166,110,13.992219890565725
166,111,13.92780029621573
166,112,14.21981167482574
166,113,14.254953962943933
166,114,12.666734369163052
166,115,12.562305892932514
166,116,13.146987672439835
166,117,13.67190735991498
181,121,13.058965528450857
181,122,12.017698408448389
181,123,12.817925870926008
181,124,12.836592994555089
181,125,12.222550005352026
181,126,12.751407243927682
121,99,13.157194423794946
121,100,12.837713029781652
121,101,12.473374291930723
121,102,13.424227980885574
121,103,13.028265826300416
121,104,12.406573911616869
127,62,12.808346165070757
127,63,12.416775578827826
127,64,12.846231120639517
127,65,13.31634233947236
127,66,12.517789287401982
127,67,13.914826247328461
127,68,13.66099229801575
127,69,12.814377277402292
127,70,13.611918060325081
127,71,13.654349078592277
85,70,13.543926188971382
85,71,13.51400624674851
85,72,13.349444529476886
85,73,12.947421600755915
85,74,12.829803753007363
85,75,12.913864761457871
85,76,13.03481355097242
115,68,13.421616462835418
115,69,13.371449134099242
115,70,13.340381729084006
121,60,13.006776376122337
121,61,13.24563525650753
121,62,13.471609535256931
121,63,13.453839883116618
121,64,13.386135285812589
121,65,13.842631696370354
121,66,12.60797553305003
121,67,11.813248915825184
121,68,12.992279507302278
121,69,13.594496585773523
121,70,13.857027890275893
100,94,13.326336884046357
100,95,13.191072965528964
100,97,13.34005627084303
100,98,12.51224621665656
100,99,13.281416093370353
100,100,12.866786205316853
100,101,13.064310821070235
100,102,13.002333698542696
100,103,12.325100065480118
100,104,12.376907761006587
100,105,12.359598059718278
133,65,12.294374415657591
133,66,13.208991744858524
133,67,13.35272495994767
133,68,13.360701681146727
133,69,13.394975114862484
133,70,13.126451072692394
133,71,12.495840376347328
133,72,11.986289217163119
133,73,12.352729527513315
133,74,13.249951937680859
133,87,12.34534336981893
133,88,11.870179372579026
133,89,12.88562133942105
133,90,12.820422071865142
133,91,13.88357564593593
178,93,13.138020806149429
178,94,13.140498967793866
178,95,12.39883343617981
178,96,13.070825423621693
178,97,13.30764825999018
178,98,13.045897694300947
178,99,13.18374535553535
178,100,13.583021338450717
178,101,12.716508008706164
178,102,13.046892660696775
178,103,13.40006324843992
178,120,12.49892686645502
178,121,11.911313970111104
178,122,11.859056525830882
178,123,13.665952558903474
178,124,13.240595570231166
178,125,13.213561679999634
67,69,11.526036895564598
67,70,11.924233854264413
67,103,13.715158061763097
67,104,11.894807239048884
142,103,13.611864622836597
142,104,13.323589793025922
142,105,13.154289070689273
142,109,12.172174424921522
142,110,13.461575821918176
142,111,12.715246271756042
142,112,12.577211575741506
172,97,12.651768625897242
142,113,12.66936640772415
172,98,13.796693737439634
142,114,12.876811433277728
172,99,13.555555892610013
142,115,12.845927222652756
172,100,12.323713606478538
142,116,13.226228595915385
172,101,13.643547492325384
142,117,12.701501685665233
172,102,13.933425484099429
142,118,12.782269134681151
172,103,13.637781931150172
142,119,12.657961910540468
172,104,13.085168436659263
172,105,12.248606685894666
172,106,11.999706362626716
172,107,12.67337549851644
172,108,12.305978672424834
172,109,13.294704987564113
172,114,13.395734544703473
172,115,13.726728664575596
172,116,13.071067274126756
172,117,13.68153373449384
91,110,12.414028334741372
91,111,12.19164751876446
91,112,13.0909941278183
124,90,13.551560938324334
124,91,13.101265212649421
124,92,12.383863240850676
124,94,12.63655235827245
124,95,13.080934272538364
124,96,12.405429493452235
124,97,12.696722826564
91,70,13.327731351076881
124,98,12.702118048188177
91,71,12.311107404082945
124,99,13.530657726168604
91,72,12.891566665427273
124,100,13.02110899164586
91,73,13.172952114777644
124,101,14.146169871369018
91,74,13.062846030186671
124,102,11.713058433617546
91,75,13.038591035045703
124,103,12.105293454117907
91,76,12.365102349810364
91,77,12.971124054427905
91,78,12.82942304443745
91,79,12.325488237746749
97,93,12.033498461723262
97,94,13.506442688175921
97,95,11.94776766213844
97,96,12.074151135678713
97,97,12.221038914089382
160,111,13.966217424424077
160,112,14.067664643062948
160,113,14.09622811905713
160,114,13.810589291339372
160,115,13.391272056709239
160,116,13.77959586031398
160,117,13.943578357537577
145,97,11.905149271762834
145,98,11.621683999036497
145,99,13.146485661908846
145,100,13.260836467861935
145,101,12.659122211954552
145,102,13.246879924291342
145,103,12.856331868621243
145,104,13.268691950423504
145,105,13.365410105362132
145,106,13.59046906255093
145,107,13.00923739792074
145,108,12.820452632914547
145,109,11.87525741472465
151,109,11.827243417709102
151,110,12.408813420935477
151,111,12.99725617781751
151,112,14.018221805529889
151,113,13.840550987911453
151,114,13.223372676141725
151,115,12.010622020671645
151,116,13.379176266152271
142,79,13.574682111359122
142,80,13.191152201799454
139,114,11.954324536465144
142,83,13.252694475014046
139,116,12.636985002837342
142,84,12.521915909826467
139,117,13.21395027541403
142,85,11.599445018217105
139,118,13.226175152130226
142,86,12.600401968323945
148,104,12.704995773881938
139,119,13.584369889521977
142,87,13.830691353768579
148,105,11.818303781145044
142,88,11.82050177838625
148,106,11.932315886696788
148,107,13.09419359292448
148,108,12.543937564589568
148,109,13.551400706144968
142,92,12.74385750000854
148,110,12.17837581566154
142,93,13.512770617646106
148,111,12.73403047220922
142,94,13.330547000454523
148,112,12.6518800487218
142,95,13.158907176387991
148,113,13.124383141893853
142,96,13.31867291141037
148,114,13.623120169125997
142,97,12.446476969186964
148,115,12.022947101654257
142,98,13.955899740517937
148,116,12.074225005801443
142,99,12.396914529295746
148,117,12.227366729059483
142,100,13.345846079196118
142,101,12.933411894313206
142,102,13.560700556825385
127,88,13.391054707756586
127,89,13.600194212921965
127,90,13.124866229791408
127,91,13.308649879122237
127,92,11.90924603463513
127,93,13.64015873836463
127,94,13.076226845658358
127,95,13.300517570312865
127,96,13.05544671782892
127,97,13.098292239388572
127,98,13.059532137046846
88,109,12.983220219216417
184,127,12.329350397025676
94,72,11.98209338171747
94,74,13.543127572431233
94,75,13.115879971270335
94,76,11.927476855641277
94,77,12.683153102896803
55,102,12.327236984330087
94,87,13.313447882213138
55,111,13.367056229836512
94,96,12.760161716110748
55,112,12.926631931961554
94,97,12.966108602153122
94,98,12.46001351951065
94,99,12.934454428564173
85,110,13.37051952466956
85,111,12.614544484078595
85,117,12.21549719522309
181,100,13.601458549129546
181,101,13.308639156017547
181,102,12.376837006270828
181,103,12.267716635955411
94,100,12.38503833396414
94,101,12.570802916648812
94,103,12.963297109629083
169,122,13.574898244347946
163,117,13.05268254929774
55,98,11.010078559747647
136,80,13.922307272549363
136,81,13.460015213902786
49,98,13.22284264261621
49,99,12.819225238142115
154,116,12.499461966220144
139,72,12.557471716724898
139,73,11.96199275145193
139,99,12.059197807144244
139,100,13.492658680265569
124,71,13.54734725449046
133,93,12.38016621490882
76,104,11.947244115222102
82,70,11.201554474686672
70,105,13.908727199377857
115,129,13.393597788500934
130,87,13.570696939683163
157,111,13.18539279691106
118,62,12.306870653634029
73,66,12.558115075480353
73,72,12.381806499401003
118,71,12.696431131380107
172,122,13.450926922552572
121,71,13.025265226077185
121,105,12.387852006622214
85,77,13.008597744418145
100,93,13.586556497007553
100,96,13.179880374887915
178,104,12.498038893395044
178,119,13.867447836840011
178,126,12.641775410282676
67,71,12.91336990311825
67,101,13.404041598528728
67,102,12.986781652123327
67,105,13.081990457090978
142,106,13.194302798278391
142,107,12.829724940680713
142,108,13.337740122209288
142,120,13.264458567543889
172,110,13.27431804945164
172,111,13.40343707545301
172,112,13.241053213069865
172,113,13.273396794712756
94,69,12.65241240299789
124,93,12.880170515431358
91,69,11.795643013950592
115,115,12.169985992546613
115,116,13.116407065208023
115,117,13.200226431309456
115,118,12.443337706378445
115,119,12.695137135900818
115,120,13.360751828337268
115,121,12.961769059102503
115,122,12.824211372045667
115,123,12.896006975305301
115,124,13.383786565395079
115,125,12.387223336871463
115,126,12.562681954513923
115,127,13.300840422201205
148,98,13.089220783531635
142,81,13.57354400307335
148,99,12.09183327776393
142,82,13.705423120118748
148,100,12.664119335478757
139,115,11.872264993633932
148,101,12.902987751399062
148,102,13.13238169522771
148,103,13.229101300746404
139,120,13.578681495962316
142,89,11.494399363199646
142,90,12.484606824637863
142,91,13.337786924564577
94,86,12.954892111852923
67,68,12.455625754306807
88,114,12.885422703138262
76,73,13.681590363962371
187,126,13.840374753480772
70,67,12.352979801997392
46,104,12.531789402183216
46,106,13.300311280730607
181,93,13.186474826683044
94,110,12.546962694479745
163,107,13.267085712410566
49,109,11.932929781853332
52,113,12.41998494868322
88,68,13.847025164749596
88,78,13.357446544956128
103,101,12.555049310477816
103,103,12.229830713635875
130,63,12.85335349985753
136,94,12.481965556531541
130,73,13.19190914900456
73,105,12.153397323182181
154,110,13.075928754068642
91,81,12.850260115747323
91,108,12.543993384773785
82,78,12.016007766802506
136,68,12.883462069993142
79,69,11.953610929847914
175,118,14.113282781660175
175,123,13.244528143549182
130,94,13.50213394772236
175,105,13.326422087964842
166,104,12.812231968298287
166,118,13.558821662216493
181,120,13.267558710890535
127,61,12.887285758657615
85,69,12.831383769092218
115,67,13.75213707855625
100,106,12.527526866262985
139,71,12.152802085679083
133,75,13.063245932163234
133,86,12.738716794512952
172,96,13.95464383411576
97,92,11.87249820421983
112,119,13.149036547744746
112,120,14.024972499571735
160,110,13.202306457227932
145,96,12.17755669621984
151,108,13.215545427105079
139,113,12.497229616734526
148,118,12.051871550314903
76,66,12.759052797995727
187,124,13.834048899533254
184,121,12.510417002631202
55,113,11.386397607133292
70,72,12.23451927423276
70,101,12.843512917035612
85,108,12.691563446819172
169,99,13.250379093587242
73,102,12.177009986749468
139,101,12.87665685486796
124,59,13.564939091636264
76,103,12.054093520976755
145,120,12.846356248211906
148,97,12.932662000853943
157,117,13.924051486184359
112,68,13.25564143680096
118,60,13.109757567615183
178,92,12.97406441776127
79,78,11.949636265719562
175,93,12.910376481611777
97,109,12.759551046607676
181,127,12.9139720801497
121,98,13.374735825556021
127,72,13.401481710625925
115,71,12.80485243245137
118,129,11.331054315425208
121,59,13.196303041809456
133,64,12.46582574421783
91,113,12.0452093391363
124,89,12.86978644767194
124,104,11.48542479422105
151,117,14.126569401705028
142,78,13.483896664699975
127,87,13.29273040141687
127,99,12.966825445140337
115,114,12.696839384943944
91,91,13.361114320313295
85,118,12.53653174973145
52,97,12.825960913660674
136,120,13.658595777698698
160,118,12.164500093720902
181,104,13.102628767657269
88,108,12.737899439280794
76,74,13.258067444421345
103,100,12.674710237329277
91,82,13.070119089149914
91,90,11.7203832572454
91,107,12.482915777827893
121,97,13.35123032851518
115,66,13.817454018372143
136,119,12.943791216165106
46,103,12.934463325404685
163,118,13.380989867594057
154,117,13.57511031807168
133,94,13.55399872089684
82,69,12.768642053508055
157,110,13.42033006402133
112,67,12.24288952690032
85,78,12.786766306310216
100,92,13.081541652694396
88,115,12.936453670010449
94,111,13.063670836544318
163,106,13.75145088910201
49,110,12.303188548978218
88,79,13.918457406705075
103,104,12.277693474555303
136,95,12.681475866079959
82,79,13.101976719256887
136,67,12.903975807078302
79,68,11.604917746786604
58,106,12.500406348379867
175,117,13.564072952107873
175,124,13.745495315595463
130,95,13.683009591561088
73,73,13.454416843164944
175,106,13.641842912463572
166,103,13.169716184739075
166,119,13.75649827126113
118,128,13.276710270310865
100,107,12.636169915480583
133,76,13.308127099913843
133,85,13.273387040975722
172,95,13.592473741409334
118,102,13.230459207944868
118,103,12.614950210128
97,91,12.56739643405898
112,118,12.73192958379186
160,109,12.384237351719843
145,95,13.629742275096472
151,107,13.776599464667397
139,112,13.508954756007121
70,66,13.001744503619154
46,107,12.218928596424544
178,127,12.9936139978655
55,97,12.946179155922298
130,62,12.56712487215681
49,97,12.461505740996225
130,74,13.210366587952624
154,109,13.167835744879028
91,92,11.931959951379154
76,105,12.017260434057466
70,106,11.984118112500177
130,86,13.65478959017422
112,69,12.632276480704421
79,79,11.91794373396216
172,123,12.532909408769676
181,119,13.010663686759594
121,106,12.944061313037336
127,60,12.862584409673254
85,68,12.499408744566388
139,70,13.395854644771147
178,105,11.42213711076916
178,118,13.126253748436937
94,68,12.702297102198559
124,72,13.472128360391556
91,68,12.049434951848554
112,121,13.364648524413667
148,119,13.101156912039627
79,104,12.108823706885893
88,67,13.016770986941491
73,106,12.60537138779023
58,107,11.617889496536305
187,123,13.219530828479646
55,114,12.345675686008157
169,98,13.117194097407806
139,102,12.475807936727543
142,77,13.447539493614867
127,100,11.863584929016062
184,128,11.428518229050013
115,130,12.587850844707415
73,65,13.455403482072056
118,72,12.300781153790854
79,105,13.283981721593452
121,72,12.276361219559801
67,100,12.875322597971488
67,106,12.852595610857819
142,121,12.483111770443045
139,121,12.90352710222401
187,127,12.638105451683762
181,92,12.239409725620106
52,114,12.469771946608242
67,72,12.049343507769377
76,75,13.336755342814905
103,99,12.911136275624827
91,89,11.68390178537384
58,105,12.664082466784992
121,96,13.076283818566761
115,65,13.302340840345819
136,118,13.424151556167828
118,101,13.468863754585842
118,104,13.58127793883894
43,126,13.183104657842698
118,130,12.349443377064238
64,105,12.834853674170015
46,102,13.145389587862672
91,83,13.738575291806331
76,129,12.739115415892863
67,67,12.28677109387544
124,88,12.988177171018513
124,105,12.489454714663053
58,99,12.958691753457074
91,106,13.089507041629247
97,81,13.35255178402426
97,82,13.620729534611332
169,123,12.805598949238716
85,107,11.861688650686817
88,107,12.71531417638553
76,76,12.10841972940578
64,104,12.144958549191902
58,100,13.891796495798113
91,88,12.010113330453823
58,104,12.543864927283613
115,64,11.744066771440242
136,117,13.655580594764798
118,105,12.503562579298993
76,102,12.948154833397526
58,98,12.353627559936855
73,101,13.078083179764882
148,96,12.541219061513905
157,118,13.001344119025122
118,59,12.413097172322185
127,73,12.986564680564674
151,118,12.99279263499808
103,98,13.038692939447136
91,84,13.735137694242264
121,95,13.208921549546933
115,113,12.574778676478013
112,66,12.578562103276568
133,119,12.906973093552974
118,100,13.012187300126861
184,120,12.923865622577727
175,92,12.826018350641904
97,110,12.358138223092721
91,114,12.112684395154933
64,103,12.261252824936891
91,85,13.463588061378397
91,87,12.196560788788842
58,101,12.594019944588
58,103,12.599998656390618
115,63,13.527538810107254
133,77,13.028742640602385
133,84,13.14859184941111
97,90,12.598984881240735
43,127,12.709351379545929
85,119,12.492022595745782
70,73,12.585329626863833
70,100,13.01944762836829
124,58,13.233674283172506
145,121,11.65740773205777
178,91,13.411464703465727
181,128,12.875143849819922
121,58,12.94052251586112
82,106,12.752338498847132
136,121,13.469569264996824
64,106,13.40856703290158
127,86,12.850883993913179
64,101,13.56943695074216
88,80,13.075580671639928
46,101,12.31809689080859
133,63,13.0227824177495
64,102,13.498623644770491
91,86,12.112007380690725
58,102,12.59475268449459
61,105,12.698325029057294
85,79,13.404300448838757
136,116,12.005487536903548
118,106,12.858132618538173
88,116,13.120692478873618
136,96,12.78832272606089
58,108,11.456264301963586
175,116,13.076583812436215
175,125,12.97855979051848
130,96,13.49733550987281
175,107,13.521521330090673
166,120,13.362451855879502
118,127,12.1342791602601
82,107,12.63494755912853
112,122,13.206060960577808
145,94,13.900775206348372
151,106,13.863831130037475
76,65,13.03987204070872
115,72,12.127445329445468
97,83,13.58632110056845
142,76,13.214267104009116
133,95,12.571865883156383
82,68,12.590106583317379
157,109,13.664102911180164
76,77,12.868318114325929
94,112,13.112663627153646
82,80,13.449466249431826
79,67,13.020710165646893
160,108,13.184947144601551
106,102,13.493169997842175
115,62,12.573641947745006
73,74,12.601473159731976
100,91,12.593668275889522
103,97,12.653414762065538
121,94,13.476817957003991
49,111,12.20190858099723
166,102,12.824625904483488
103,105,12.624396613250415
136,66,13.215835966607923
112,117,13.017441848138157
139,111,13.354190206570491
61,106,12.602262164405325
163,119,13.319450474567327
76,130,12.961426119754517
91,93,12.895609912729686
97,80,13.693966763773318
139,103,12.798168023428902
127,101,12.209348357439156
43,125,12.86783326924534
91,105,12.685932705256473
163,105,13.339439412936207
100,108,12.87013059885357
172,94,12.980277293584319
184,96,13.299781846994605
43,128,12.233203826531602
64,100,12.241265983652772
154,118,14.101175174052278
46,108,12.10469236456131
112,70,12.952868132139116
139,69,13.27149009883739
133,120,12.73538279715865
61,104,13.130888992112489
88,66,12.647991007716836
82,108,13.166920046617468
133,83,13.096198993634042
97,89,12.194048699229205
52,96,13.085482671271743
160,119,12.57310210758712
133,78,13.386469320773223
97,84,13.95094095214768
133,118,12.31950907350712
61,100,11.962543712291437
136,115,12.567784143821893
187,122,13.030714755150242
169,97,13.52537302415513
76,128,12.64626310510032
112,65,13.046980951300014
130,85,13.402210182420086
76,106,11.839003492854992
79,106,12.437003274592564
91,67,12.12350025174415
181,105,13.0841762887419
118,99,12.887004782271635
130,61,12.798901394110796
130,75,13.276951493189255
73,107,12.02431062226213
154,108,13.301876911566191
79,80,12.986466521586669
85,67,13.051396215802887
148,120,13.001512982293205
55,115,12.32909595282721
184,95,12.93397718857672
184,97,13.236313449339475
115,61,13.002242669759639
118,107,11.688894801228315
106,101,13.306059292298636
46,100,12.520190249972423
79,103,12.308258544733976
127,59,13.20589805774076
70,107,12.325526229487854
172,124,12.362515937089162
178,106,12.583169593994223
178,117,12.90992311881613
94,67,13.053750737575236
88,129,12.350668197216509
103,96,12.327409712708313
121,93,13.841492910181257
115,102,13.319033422811518
115,103,13.673089229861164
70,65,12.676621259978242
181,118,13.015185923400027
82,105,12.524136679199975
106,103,13.030760030998634
61,101,12.131998752444286
61,103,13.781397703408672
145,84,12.994007071221935
142,75,13.446055863881343
121,107,12.262072775252339
85,80,12.086352777056122
55,96,12.44603516462008
124,73,13.096916196662471
115,112,12.80022125842995
43,129,12.283322890660191
97,69,12.69861786723684
82,109,12.350341568167854
133,82,12.203866966516662
97,85,13.518767958376028
97,88,12.955732600758303
88,81,13.235145440082519
112,123,13.316475006406998
145,93,13.503033178554183
145,85,13.610012118519002
112,129,12.707948658243506
100,90,13.345643865594697
58,97,11.86702412495209
85,130,12.404932067045856
112,130,12.492425794038477
85,106,12.702131349181073
136,97,12.102688390300884
175,108,13.299064123368991
58,109,12.51339144825737
175,115,13.497802406928896
130,97,13.272616246357712
166,121,12.544113991891763
133,79,12.891571771481308
88,130,12.2116267409057
52,115,12.771621027284766
88,106,12.941485801317029
61,99,13.512633753229712
82,112,12.83785797333456
88,117,13.727022936516223
139,104,13.081865593402124
139,110,13.240777465031286
85,129,12.447211735526777
46,129,12.385805523143572
175,126,13.385108056096199
97,86,13.188327046462131
97,87,13.049472036542193
85,120,12.50502018598946
82,110,12.91819760776919
82,111,12.17339884142714
133,81,13.012263062640482
115,104,13.348355133195854
91,104,13.244834085831432
61,107,12.576282162084922
124,87,13.28770945107582
46,130,12.53078293805219
145,83,12.919318258478095
118,126,12.9705375760027
82,113,12.837552725594765
151,105,13.20899639613574
73,75,11.642100690125188
178,128,13.174441217265212
49,96,13.106546542970754
145,86,13.154769457607097
133,80,13.099731048535292
133,96,11.929601725434203
76,78,13.271801505866385
67,66,12.611910901885034
166,101,13.031293149278396
97,70,13.443733914038775
112,116,13.176168882975732
184,129,12.581336799741525
67,107,12.886107512027811
115,131,11.907512449464193
73,64,12.635499245480654
118,73,12.638790174795668
121,73,12.024802463521342
67,99,12.379085915534308
142,122,11.486861948983025
139,122,12.250852940627045
187,128,13.581676701206504
181,91,13.18487623992935
118,108,12.274522432612626
97,68,12.776543921930394
112,64,13.132409692810143
82,67,12.484034308373628
157,108,13.2867967169588
91,94,13.172967512181266
184,98,13.416832868096131
97,79,13.159758779335528
145,87,13.164907517384574
127,102,11.496789509411457
67,73,12.883901750382895
148,95,12.773745948459183
127,74,12.566183433965902
115,101,13.38024936797676
151,119,12.197809342034825
136,114,13.731411795252829
124,106,12.832968270716451
64,107,12.996581968229886
49,112,12.82807411955163
136,65,13.126228491190975
112,128,13.034784306991934
112,124,12.622594369667581
103,95,13.209054871293302
121,92,13.684472688699133
115,111,12.287075075159198
79,66,12.627097961341466
82,81,12.290367913287954
160,107,13.29399694192242
64,99,12.787269039533848
73,100,12.835724873059203
157,119,13.450053541941468
46,99,12.704482550205173
88,82,12.551769002452005
82,114,13.934100195008435
94,113,12.12134499502154
184,94,12.945984355662342
145,92,13.402126758847958
118,131,12.947008036179586
79,130,13.417958173784397
85,81,12.065066343053582
145,88,12.827630782888937
139,105,13.281692060811006
139,109,12.778391966295642
133,117,13.135230666085087
88,128,12.795021777155295
184,119,13.548737486045608
97,111,12.93118689215025
91,115,13.154515257561805
142,74,13.387184517426176
88,65,12.614549135588204
106,100,12.63935640872179
100,89,12.81659728082334
76,101,12.924941910813994
118,58,12.092017636180461
79,107,13.09640274358282
91,66,12.250927708006175
118,98,12.995883448164506
163,120,12.930508117155908
115,60,12.790844276716113
70,74,11.87634410647529
103,106,12.705789202010259
88,89,13.030241726347608
94,66,13.176822023909686
115,105,12.387471084337218
76,107,13.251219472210709
112,127,12.918961784863328
133,62,13.192104810010974
145,82,12.351205753669607
175,109,13.506662744841572
175,114,13.24204393367784
88,88,13.715754389690362
130,84,12.139168526528362
169,124,13.311404963048835
118,109,12.905249685947298
181,129,13.4185408434013
175,91,12.882453204226042
112,125,12.839905295809041
85,128,12.993847513455144
46,128,13.241987935208183
136,98,12.33502537384692
85,131,12.75613768365186
112,131,12.494689125790375
163,104,13.186578010875616
100,109,12.618123489958027
172,93,13.217977054544674
55,116,12.353300398691129
115,110,12.630043380585953
97,71,13.074174381941354
145,89,13.48055764139325
145,91,13.147534712668987
139,106,13.2753333682746
139,108,12.695330701995271
58,110,13.16667263584451
88,87,12.647540215517527
88,83,13.155320365189867
70,99,13.441644316640325
121,57,12.78300510043587
136,122,13.52540034655741
130,98,12.906665562279432
166,122,11.935717827884798
91,103,12.89808999073599
61,98,12.790240824265354
112,126,13.621807266879527
187,121,12.422450590415965
46,109,11.230921629608185
76,127,12.914124142855119
169,96,13.452663834188698
139,68,12.908268378271165
112,71,12.913381598074709
76,131,12.58936089841014
88,118,13.442049121178481
82,115,12.356613619654432
133,121,11.475428739163984
145,90,13.434461423739519
139,107,13.395811670120358
178,90,13.589438104816557
43,130,13.20985861620977
97,78,13.37994196256193
130,76,13.374824928920829
79,131,13.463297683670215
154,107,13.703887709229283
85,66,12.213490381641417
106,104,12.925875489090958
109,102,13.653284236732487
124,57,12.583762257517584
145,122,13.387940261499796
127,85,12.847950475226634
82,130,12.791546972425804
82,104,13.57201197492753
103,94,13.755084417935803
121,91,13.182916007026906
79,129,12.778236231050135
154,119,13.646119344796137
118,125,12.921721045011079
151,104,13.267474304459626
88,84,13.62304371966231
85,121,11.942455665662425
46,131,12.512338785857613
172,125,13.205872429587501
178,107,12.898138389974873
130,60,13.373019583543583
88,90,13.040500283450347
73,108,12.791601008934338
97,67,13.365528878598365
91,95,13.520391227684964
184,99,13.182336405603365
112,115,12.524235224648937
115,109,11.852715585878318
76,64,13.097589676737895
115,73,12.158264562540673
88,85,13.753048016954516
73,76,11.965016313111668
61,108,13.018297854248289
133,97,12.419761581304453
112,63,13.661513873734275
115,106,14.077024378867664
109,130,13.416817579921082
178,116,13.737082741316126
175,110,13.095484104134961
175,113,13.332394074554538
106,130,12.71951852909386
145,81,12.954288682411354
142,73,13.041888298107743
88,131,12.910090864907671
46,98,12.90728206458757
166,100,12.43662683354304
127,103,12.280192456747486
70,108,12.310804418190902
148,121,13.545621939029047
52,95,13.210747830972736
88,105,12.765704477299645
112,102,13.24997952112763
82,116,12.2903368401795
112,103,13.83636938484194
85,105,12.921871083386092
82,131,12.443146625600829
43,124,11.98146715402403
97,72,13.041623908568164
121,108,12.975669221924003
91,65,12.644822922979513
79,81,13.107004247442907
118,110,13.744498191210818
109,103,13.677363670640899
160,120,13.083532832060014
115,100,13.315260999835887
73,127,12.959909722911608
115,108,13.523178186633311
100,88,13.40275780754074
94,65,12.64357667672416
181,106,12.590148638189929
109,120,13.776011698809592
85,82,13.04629236481769
79,102,12.662128142308353
127,58,12.448765803176034
85,127,12.086323805120035
175,127,13.004850338319425
79,108,13.703159721964138
136,113,12.82639393218965
76,79,12.91725872524178
106,129,12.566048295199073
136,99,11.813745576364068
175,111,12.968307561831384
175,112,12.6413884939435
70,64,13.346770620402276
109,131,13.150090800387215
52,116,12.987748242399926
46,127,12.16996443858426
106,99,13.163239149980472
97,77,12.78699798816994
88,127,12.563816993019906
124,74,12.27163414878773
148,94,13.071789826910438
109,121,12.083926609405882
118,97,13.24011707058921
109,129,13.593706098070133
160,106,12.877128404289996
82,129,12.706836259846028
49,113,13.161014213486247
136,64,12.740285561525859
184,93,13.090290084658752
58,96,13.09530437667335
181,117,13.342504419041445
103,93,12.974897977075344
91,102,12.14060191426289
82,66,11.74516017156451
157,107,12.909524481389637
97,73,12.02284681912204
58,111,12.463224386172081
124,86,13.994851352220667
109,101,11.982765992641623
94,60,13.203839646730675
121,129,11.574316920738918
55,95,12.517944418576212
106,131,12.626597111560216
88,64,12.859972416077794
145,80,12.793063584660343
130,83,12.478660719047511
121,90,13.376999962075176
109,119,13.43844414560274
76,108,12.64775988893938
79,65,11.92743790060011
112,104,13.223466813882686
88,119,12.428513983950463
73,128,11.534007234148628
67,65,13.16945377324436
130,99,13.029742036181869
82,82,12.477660064749498
151,120,12.919389628857044
112,101,12.858059420820602
133,116,12.482935087573221
91,96,13.247558804275393
184,100,13.582537629734459
118,124,13.105300491255067
151,103,13.18465541665695
64,98,13.545466611757787
97,66,13.110643458863395
85,122,12.78481597153457
127,75,13.097701351881263
97,76,12.19942578306445
151,97,13.186025983715147
88,91,12.631230671827796
91,64,12.631239832651858
97,74,11.640546203792377
115,59,12.568441818933083
121,130,11.273988259631787
178,129,12.68047073016349
118,111,12.965823286931876
82,117,11.986836605494133
112,114,12.328582416272267
151,98,12.785256018939396
142,72,12.65708472063303
187,129,12.928233002684197
67,108,13.643198443698411
115,132,11.926961252469201
121,74,11.696230417987449
64,108,12.287020623594824
94,59,12.50901833261407
130,77,13.10537687970573
163,121,12.489917227908377
109,122,12.341337662566067
85,126,13.047160743404337
97,75,11.952472886278274
49,95,12.433033939350247
94,61,12.91111389873742
94,64,12.52348416289518
103,107,12.295629920424432
73,126,12.238461283238987
118,74,13.117655066497463
67,98,12.189800011574187
142,123,13.221230224515331
139,123,12.836482360605498
64,70,12.3493083346015
97,112,13.784487103196676
91,116,12.58984281660612
181,90,13.258312078036068
124,107,13.406957523123932
94,114,12.814851827773207
67,74,13.266965812259484
46,110,12.802128557418545
163,103,12.391378380073874
169,95,12.98013064522803
139,67,12.299898925542948
157,120,13.429550619168598
136,100,12.867213719869481
166,123,12.569055540319193
64,69,12.938497444727865
85,132,12.752995897928022
79,132,12.381194500601445
112,132,13.795633710685923
70,75,11.873595575353452
61,97,12.512820686871335
91,60,12.697482495886124
133,98,13.391694181290752
91,61,12.222048896782907
184,118,13.562140121178992
118,132,12.367724451540594
79,109,12.719567000321137
154,106,12.595906908702435
79,128,13.423676525721847
166,99,12.561027823589395
127,104,12.05913269977452
85,123,12.923142980531487
73,99,12.068667349545871
184,130,12.864991860365729
73,63,12.832379750855612
121,128,12.894055443666796
145,79,12.152207768793202
100,110,12.877252125926965
172,92,12.439548800807238
106,128,12.591104015659909
91,97,13.35902291934502
151,99,12.68487627678844
151,102,13.271013532356667
109,128,13.451449113032014
91,101,12.685932386406549
133,61,13.54730904120012
85,65,12.932513903199922
106,105,13.004429706381478
109,104,12.035304625139998
103,92,13.396898115172414
85,125,12.818257089476495
187,120,13.298072453441295
76,126,12.15800641508115
112,72,12.92442664351968
118,96,12.768954783999817
76,100,12.752028114124277
118,57,12.27371716897154
49,130,12.272284040994037
82,132,12.764222866726104
46,126,12.09917133201782
85,124,13.365698650791883
43,131,11.64342033450654
64,71,12.650439523920417
109,123,13.135955752075226
73,77,12.206427586536593
88,126,12.781186837210974
46,97,12.85117848020302
151,96,12.988335685060045
88,120,12.739691722730004
184,101,13.707047710702032
118,123,12.76168272090927
43,105,12.869045617026046
109,132,12.942423503525143
46,132,12.574301136706417
43,104,12.764277583752511
178,108,13.259650566322996
58,112,12.833396551747121
136,112,12.759823963747484
61,109,12.68004028298984
172,126,13.192643864789133
55,117,11.254381372327291
118,112,13.113169353875573
151,100,12.628099589400097
151,101,12.04730736478455
175,90,12.949920182973791
73,129,12.491335065372581
133,122,12.879252588424801
181,130,11.92640316545475
169,125,13.277795919594876
82,103,13.546120414422129
109,118,13.228430712370038
106,98,13.325154659984088
121,89,13.112294687016583
97,65,12.298566945441758
88,63,12.090205578818358
88,104,12.590087754916448
178,115,13.676895894483664
64,68,12.49942620943526
127,84,13.059699842693083
130,82,13.052408942934846
91,98,12.937863190775403
130,59,13.405545194424692
91,59,12.19249308871392
112,105,11.87907347021304
91,100,12.882593883344727
70,98,12.526966731132573
136,123,13.246232281964065
115,99,12.624245965189793
130,78,13.075858580646315
82,128,11.578182834253377
154,120,13.278022061010061
142,71,12.1560826939352
121,109,13.522022501463482
43,106,12.9083919775846
148,93,13.142530587088642
91,99,12.797032200857148
49,129,12.857650880935443
49,114,13.341216661790783
184,92,12.74542449960603
130,100,13.599044487833996
73,109,12.595722502407572
43,103,13.114015395477885
121,56,13.048122864485046
109,124,12.27995121705478
82,118,12.86364310130897
76,132,12.555718387672574
136,101,13.105723349686965
76,80,13.023872197664854
109,100,11.330888394775215
145,123,12.605505599761416
160,105,12.671371706105916
112,113,12.060461649117796
85,104,11.860195212672894
88,92,13.005362139970691
184,102,12.937985594194505
118,122,12.453003965223356
118,113,13.153598062040421
100,85,13.212219680813938
175,128,12.683959490384648
148,122,13.502325602873398
49,131,12.340333613897135
76,109,12.030347926330249
145,78,13.251601728365165
178,89,13.321562388220533
136,63,13.295872760214081
124,56,12.649000135951772
121,131,12.687976332752108
88,121,13.347880430558394
106,132,12.42776818878146
97,64,12.61449577838841
112,100,12.634539375661218
76,63,12.722984519654013
115,74,12.880778579472766
94,58,12.4246062887906
103,91,13.599133612108117
82,83,13.501134689787218
70,109,12.876538861257625
88,125,13.542119744381225
160,121,12.142139860453131
112,61,13.325722146105916
79,101,13.197661111593389
127,57,12.593580982554478
118,95,12.777173116181821
181,107,13.063893762599893
88,132,11.89279824386792
97,63,13.228341859084074
100,84,13.282096166629943
52,117,13.429250283053818
97,62,13.450544593651175
52,94,12.682890286588691
106,127,12.947059886500142
190,125,13.278126491349873
82,65,12.66474724427511
157,106,13.01773459012277
88,62,13.381089619792832
130,79,13.022523135375211
97,61,13.306573730760052
46,125,12.837493173625429
124,75,12.924322865869955
121,127,13.342686060093707
79,82,13.228849524654537
79,64,13.195964179068202
64,72,12.022574774148318
85,85,12.866858402689212
70,63,12.934036911043663
58,113,11.828545720030283
118,114,12.95147046705163
118,121,11.86639136376221
166,98,12.742471441680514
163,102,12.739868625989633
103,108,13.344100703056395
46,111,12.744662816226976
139,66,12.858379336832556
181,116,13.542416560298607
88,122,13.461820102767234
190,126,13.104196126162705
43,107,13.031788431315015
58,95,13.344963948848736
127,105,12.749393209261461
43,123,11.526524402876468
127,76,12.852786542319404
151,121,13.130090110106824
91,117,12.458960292118926
169,94,12.515121235896968
43,102,12.44272066987072
64,97,12.779414884558795
130,119,13.253493248640101
163,122,13.13411406766642
190,124,12.60052625448713
124,85,13.271596921814783
151,95,13.015276632917594
136,111,13.194067177862973
73,125,12.309651469712428
88,124,12.720409764483477
184,103,12.687777664180276
154,105,13.170824900977188
79,127,12.738269442921005
115,58,13.042433791150113
64,67,12.373032073147327
88,123,12.760090682058717
166,124,13.317901086208108
130,118,13.432043292320216
70,76,12.17339317277633
178,109,12.765734765029515
106,97,13.151350782432043
118,115,12.913888784788794
118,120,12.90363002989485
100,83,13.287955560631401
67,64,13.28825642009629
97,60,12.852002659250342
112,106,13.319359130566871
73,130,13.112329558544955
121,88,12.847302065632395
85,64,13.102659399952175
109,117,12.83402805678134
145,77,13.046040446259417
178,114,13.359831316500667
136,102,12.617097599845309
142,70,13.440809434154815
97,113,13.772066230782595
109,105,13.449175447502975
61,96,12.971194598580858
94,115,13.509785178904744
67,109,13.213464824697533
64,109,12.60611990182219
85,86,12.59922075184478
157,121,12.807619702865875
106,106,13.319927508203874
130,101,13.337055851895686
118,116,12.89064922770731
118,119,12.788655596410308
121,75,12.672951431958994
55,94,13.141585924532741
109,67,13.11645509750578
49,128,12.756582340963654
112,112,11.812499140096504
82,119,13.008923783281155
148,92,12.873338270476266
46,96,12.096134038287223
124,108,13.549826930714124
118,117,13.325673111768975
118,118,13.331520584342275
109,68,13.078958173020526
76,125,12.420384817505454
103,90,12.765601625825678
115,133,12.942592103902697
61,110,12.876331183830395
67,97,12.643878575932812
79,112,13.033520239474974
100,111,13.242122001938805
172,91,12.784094309442754
91,58,12.74618176877947
130,120,13.10405993358331
88,93,12.829170259160135
187,130,11.976482551744049
178,130,13.015768039218333
109,66,12.12044156403775
187,119,13.341884351983367
190,123,12.655344662206735
190,127,12.244821503426794
127,83,13.163041255344
88,61,12.557770163387415
184,117,13.100851243623696
118,94,12.54905394104993
85,133,12.059918457577057
79,133,12.694161903180188
112,133,12.725754010117113
67,75,13.073166545498188
172,127,13.173850518090362
133,60,12.817537312397597
112,73,12.67568475395924
118,75,12.659437376536804
142,124,11.625541654249504
139,124,13.110843470704166
49,115,13.784339597724703
100,82,13.092280824603804
58,114,11.884149236214759
133,114,12.639202839563097
181,89,13.026603107446757
109,99,12.76733160677317
49,94,13.262176533253424
121,110,13.686830344789271
43,101,12.49963249250203
82,133,13.405600760702
73,98,11.772101111378065
109,69,12.854372350566717
109,133,12.78103004634762
82,102,12.705114608811886
184,104,12.497003226895353
184,91,12.640781305980765
43,132,11.954195524744245
118,133,12.865090945210287
136,110,12.658260400476928
76,99,12.77996306220729
130,117,13.408257147240223
154,121,12.681073679816569
49,132,13.012896237547249
160,104,12.888085055230174
85,87,12.248010810747747
112,60,12.431537330883367
136,103,12.883762346699992
121,126,13.368523703699843
130,58,12.435171272326128
118,56,12.522106161081531
43,108,12.699536256174234
145,76,12.92267987800765
46,124,13.413609373997879
109,65,12.25709981118586
46,133,11.277847346405121
85,103,11.673371034559352
169,126,13.365649543725425
112,111,13.054207103710754
82,84,12.368241356138586
55,118,12.365831067878894
76,81,12.82016555757331
64,73,12.584415554583009
40,126,12.268505531640404
166,97,12.720250410091955
184,131,12.392670045802435
73,62,12.510921604483109
97,59,12.84028236607023
79,113,13.458108516116129
133,123,13.110825330084134
175,89,13.179676126373115
136,62,12.719152947491212
112,99,12.770910047205627
151,94,12.284213960026225
82,120,12.603983987444463
163,101,13.282798670455675
121,132,12.180886999112765
40,127,11.941330031417063
73,110,12.667083478799803
181,131,12.335943076262382
181,108,13.234047928111663
130,102,11.81348550737808
127,77,13.456392859925888
64,66,12.715564333330043
79,126,12.710392439328569
175,129,13.326482069821052
46,112,13.120100161768676
139,65,12.519027463947282
103,89,12.888239078348205
154,104,13.299210476015931
127,106,13.013673402751994
100,81,12.886424884410994
142,69,12.886928951930644
106,124,12.926566457933847
148,123,13.572838996533386
160,122,12.882881257604657
94,57,12.57901958407946
40,125,11.989491136534822
91,118,12.304903221519384
109,116,12.374959170005205
112,110,13.703584268360833
52,118,13.347665237822065
70,97,12.124803859502027
136,124,12.704081299854328
103,109,13.471819897566293
121,87,13.126482814211151
58,115,12.305247470814082
190,122,13.569608405870177
169,93,12.140126252539677
181,115,13.219774729754452
106,133,12.949121923984412
151,122,13.262970125674928
88,60,13.618169818589388
136,109,13.327795658599463
40,128,11.892996697476642
103,129,12.311507128331513
112,109,13.631608849408346
85,63,12.927713664424717
88,102,12.301675676812721
109,70,12.76655398292902
79,100,12.647801241907358
136,104,13.045219859416456
85,88,12.016355279817931
73,131,12.565349963781332
130,121,12.49903708734302
109,64,13.246723842125888
43,100,12.335869825000232
124,76,13.19181183078331
103,130,13.218390296347463
88,94,13.287632831336484
145,124,12.466245287311516
121,55,12.35829888947775
76,133,12.889210814306503
79,63,13.1265623227665
127,56,12.540142768591771
190,128,11.605052688351496
127,82,12.702513186330636
145,75,13.060974905825368
82,121,13.37585523514233
106,123,12.009035697331358
79,83,12.756344322161754
73,79,13.509954179156297
70,110,12.409164319377853
70,77,12.290891156759276
76,62,13.443778536922046
115,75,12.712748931461924
184,105,12.754012566403325
157,122,12.312866554698925
64,96,11.473297698596282
124,55,13.037166573783317
106,107,13.671460207702092
79,114,13.769437009639914
178,88,12.61967402718
88,133,13.155451437005233
166,125,13.225737995315837
100,80,13.31710782021933
49,116,13.576296802686093
73,124,11.675907859088426
115,57,12.233147172415364
124,84,12.733873875947497
43,122,12.424508120452762
115,97,13.539731385186256
103,128,12.835688343983138
52,93,13.118962984972088
70,62,13.327533498494343
97,114,13.553067950911634
58,94,12.783264151897708
130,116,12.867806646276573
94,116,13.461599515842055
121,125,12.281673619997289
76,124,13.027839159772016
82,122,12.105080553551984
106,95,13.172485268465755
133,113,12.679128166995344
136,105,12.701872104493217
103,88,13.343020968243076
46,95,12.388110824996746
46,123,11.843874149411986
103,131,12.896037539073124
64,110,12.563148595908103
106,122,12.568504037248168
40,129,12.71858884236343
124,109,13.049419279727728
61,95,12.65210603836468
43,109,12.970824511442835
100,112,13.545783890056931
130,103,12.843143878011253
40,124,12.593277218131135
118,92,13.013236792388502
67,63,12.776173174818831
85,89,12.493911167153668
100,69,12.795227943628753
187,118,13.360603237059463
100,68,13.035256398299685
91,57,12.382362696436564
148,88,12.236013138265777
67,110,13.100561200530969
172,90,12.692172783530397
82,85,13.21107992975937
166,96,12.546268298658525
112,59,12.54378447344633
151,93,12.779495016619597
58,116,11.932711011885589
100,79,13.127982609375831
100,70,13.615969211496909
109,63,13.478013985635444
148,87,12.516588734694512
148,86,12.878612188038726
133,59,12.997659045585628
121,76,13.344372185604893
181,109,13.372993507831898
160,103,11.901833199553472
97,58,12.837649711379607
109,115,12.05228585351044
163,100,13.243782183069158
184,90,12.790629836084582
49,133,12.663796831795215
148,85,12.639465756864011
145,74,11.790407100115157
67,76,12.534235564483247
184,116,12.191841105239943
142,68,12.147384812279183
112,74,12.705724837051543
82,101,12.725609114940497
103,127,13.057356184445556
88,95,13.409971288025684
55,93,12.485958007726099
79,115,13.27581504425858
64,74,13.676691415259713
190,121,13.03036398832796
109,71,12.8062748020279
100,66,13.160571668115166
46,113,11.872573418961943
100,71,12.969663676692782
148,84,12.47567370812058
115,134,12.450899052604612
67,96,12.317488567268828
88,59,12.941590821192607
181,114,13.433613041479456
139,64,11.807432274921297
64,65,12.091880177400794
187,131,12.561180037209352
85,134,12.653893347594572
79,134,11.925203171375463
112,134,12.992860396061964
178,131,12.29308148059305
136,61,12.393376698616443
130,57,12.576076795038539
187,96,13.028436971255921
43,133,11.883579108856397
160,123,12.82414308296526
127,107,13.202463471596042
109,134,12.519099752937954
82,134,13.342947138293189
130,122,12.915601633864217
187,97,13.241620928103591
121,86,13.154501293722147
106,94,12.831233439320677
103,87,12.548302432391704
49,117,13.012498764531955
118,76,12.605295654715526
169,127,13.32974426102052
142,125,12.573800718869414
139,125,12.328080148459755
148,83,11.988933489017647
76,82,12.185360387084417
100,78,13.197800762248033
76,98,11.843560347622912
73,97,12.973810742385753
91,129,13.485590655104561
181,88,12.905379064977398
100,65,13.427970413852881
148,124,13.056189144218914
121,133,12.83144007960106
103,110,13.641446311495613
73,111,12.627314084604993
118,91,13.377105428625454
52,119,12.675607519640826
55,119,11.86181859656801
49,93,12.782277933672953
91,128,13.26863498169056
118,134,12.544914496603567
187,95,13.266452786870062
103,132,13.133871063168536
169,92,12.184842050329562
184,106,13.327037169388467
115,96,13.03690370514425
76,112,13.091235159970266
118,55,11.907607169104605
46,134,11.133899895298484
46,122,12.765246527302374
187,98,13.267878475877602
40,130,12.84899370653477
190,129,12.897634161533944
91,130,12.290541801401009
154,129,12.922399645458421
85,90,12.417509255319246
175,130,12.582290987615961
130,115,12.632441311955649
73,80,13.092361583059688
73,132,12.559952002195601
154,128,12.637174171366448
133,124,12.610381603427305
175,88,12.896267381511137
106,120,11.851123087670612
133,112,13.619647114581765
124,83,13.002407253770787
94,56,12.41900964882073
184,132,13.256229057538066
73,61,13.579424682319118
79,116,11.82914091046921
100,73,11.950430700345944
181,132,12.935339038971774
43,98,12.810239222412347
109,62,13.007991107996952
40,123,13.152517268750353
106,134,13.012595152868307
91,127,11.848599660343005
70,127,12.803984678730037
103,126,11.985632852442718
43,110,12.882292273089469
79,84,12.038298779108354
187,94,13.554978451052591
154,130,13.02647372597135
76,123,12.796232493456579
43,121,12.807682245276151
79,99,12.661687743804643
70,126,13.14496391748044
187,99,13.124835560692905
58,117,12.454437534976327
103,86,13.0716649338771
70,96,12.625026541707228
136,125,12.453153189195739
79,62,12.355463742522614
145,125,13.0943778818165
73,123,13.283647272868786
106,93,12.462889038721325
94,117,13.494229969823843
154,127,12.87836732795545
91,131,12.68472670387987
166,95,13.533880191965476
124,110,12.996200267619257
166,126,13.138954266054071
127,55,12.01248256123731
76,134,13.581496641571135
142,67,12.8789917267937
115,56,11.97281331007998
100,113,13.845359271487068
121,54,12.522580242130218
88,134,11.929561844715538
46,94,12.081512780180164
118,90,13.557819089047664
97,57,12.754494282928073
109,72,12.618820750532691
190,120,12.272755006086234
106,119,13.46019843154542
88,58,12.950060811125143
112,58,13.01192889710819
76,61,12.814789113816545
115,76,13.226313857284007
58,93,12.592592895549293
124,54,11.68382753099947
46,121,12.823848134560446
70,61,12.887761906655673
178,87,12.435267768040493
148,80,12.43383419428028
157,129,13.476422245561405
187,117,12.909146583592609
52,92,11.99042732926448
85,91,12.016255675355342
157,128,13.238025985566454
127,108,13.552478307424193
91,56,12.006588722483341
70,125,12.683386817813139
130,123,12.983321037081025
64,75,12.699832079500661
64,64,12.469975110117247
184,89,12.153989094232777
187,93,12.486618969811737
172,89,12.919127840139378
103,85,13.157545525248137
103,125,12.041579272607047
49,134,12.376904426608151
154,131,12.848133283604
184,107,12.837487100071794
103,133,13.09835945216386
157,127,13.107675934154669
121,85,12.898666284738406
157,130,13.177302595668332
136,60,13.168199357538517
112,75,13.050367462567301
91,132,11.87754620150554
43,97,11.49578403634868
154,97,12.878110847662954
190,130,12.449175472960224
55,120,11.962758483070985
106,118,13.586194586161474
73,112,11.999938488628993
43,134,12.352011162528813
148,79,12.491422047839249
52,130,12.49991773713176
124,129,12.802891294880752
121,134,13.480448038531462
52,129,11.718028849361074
187,132,12.798401741995965
124,128,13.117817417468098
40,122,13.20750848091122
73,81,12.99567402503589
73,133,12.57010127164479
43,120,12.257123910606198
151,129,13.319696086715453
100,60,12.908212921801594
124,130,12.99808715267163
154,96,13.574988263067075
52,131,12.2060123942339
52,128,12.578119818763742
106,68,12.30958436839208
181,87,12.551796024148704
175,131,13.368198460176488
124,127,12.552382589056732
157,131,12.317121963540814
145,71,12.968112815078909
103,124,12.184503869906102
70,124,12.929976669010284
73,122,13.206024395414161
61,70,12.92941122433075
151,130,12.665521741135041
88,57,12.433605568455087
184,108,12.588993730359835
61,69,12.814811290512859
94,55,11.474468950745967
154,132,13.025958211816699
52,127,11.705776803276969
166,127,12.539125166411992
97,56,12.441259699712521
154,95,13.688586287913731
61,71,12.147948524671818
40,105,12.26432761652458
40,104,11.69283412230651
109,60,12.331687789762722
91,133,12.439192529967684
46,93,13.436722582383892
100,59,13.052636843287168
103,68,12.840945651666189
52,132,12.698904228977165
64,63,12.66060162624328
127,119,13.33931879780431
64,76,12.879459925619706
127,120,12.847465954047962
103,134,12.196473152219564
127,118,13.38771583912773
40,106,12.029228331891654
151,131,13.252893827589176
55,121,12.869475581728489
40,121,11.702971769469997
157,132,12.42317856179235
127,117,12.549569786335958
154,94,12.579010125051697
100,130,12.48907303674446
193,125,13.097828484735594
100,58,11.084160553637867
73,134,12.69457219040197
40,133,13.048570229932219
70,123,12.968116327778112
193,126,13.543193824268526
100,131,12.611498344801111
52,133,12.023255176638086
88,56,13.117349383326397
154,133,13.547087081281099
154,93,12.268089643488155
151,132,13.175500333028358
91,134,13.259522762638964
55,122,13.292051213188856
124,133,12.978344686423398
